"3d77e6a8804a"	 "ERROR"	 "MISSING_SIGN_OFF"	 ""	 ""	 " Missing Signed-off-by"	 "total: 1 errors	 1 warnings	 8 lines checked"	 
"3d77e6a8804a"	 "WARNING"	 "COMMIT_MESSAGE"	 ""	 ""	 " Missing commit description - Add an appropriate one"	 "ERROR:MISSING_SIGN_OFF: Missing Signed-off-by: line(s)"	 
"bdc48fa11e46"	 "WARNING"	 "EMAIL_SUBJECT"	 ""	 ""	 " A patch subject line should describe the change not the tool that found it"	 "Subject: [PATCH] checkpatch/coding-style: deprecate 80-column warning"	 
"bdc48fa11e46"	 "WARNING"	 "TYPO_SPELLING"	 ""	 ""	 " 'withing' may be misspelled - perhaps 'within'?"	 "Yes	 staying withing 80 columns is certainly still _preferred_.  But"	 
"d9a81a225277"	 "WARNING"	 "COMMIT_LOG_LONG_LINE"	 ""	 ""	 " Possible unwrapped commit description (prefer a maximum 75 chars per line)"	 "Hardware name: Google Google Compute Engine/Google Compute Engine	 BIOS Google 01/01/2011"	 
"02c71b144c81"	 "WARNING"	 "COMMIT_LOG_LONG_LINE"	 ""	 ""	 " Possible unwrapped commit description (prefer a maximum 75 chars per line)"	 "general protection fault	 probably for non-canonical address 0xdffffc0000000001: 0000 [#1] PREEMPT SMP KASAN"	 
"96d10d5b192e"	 "WARNING"	 "TYPO_SPELLING"	 ""	 ""	 " 'settting' may be misspelled - perhaps 'setting'?"	 "In commit 19e16d220f0a ("neigh: support smaller retrans_time settting")"	 
"96d10d5b192e"	 "WARNING"	 "TYPO_SPELLING"	 ""	 ""	 " 'settting' may be misspelled - perhaps 'setting'?"	 "Fixes: 19e16d220f0a ("neigh: support smaller retrans_time settting")"	 
"e3effcdfe02e"	 "WARNING"	 "COMMIT_LOG_LONG_LINE"	 ""	 ""	 " Possible unwrapped commit description (prefer a maximum 75 chars per line)"	 "step 11 now has 'smax_value=U32_MAX' where before we pulled the s32_max_value"	 
"e3effcdfe02e"	 "WARNING"	 "LONG_LINE_STRING"	 " tools/testing/selftests/bpf/verifier/bounds.c"	 "264"	 " line length of 123 exceeds 100 columns"	 "+	.errstr_unpriv = "R1 has unknown scalar with mixed signed bounds	 pointer arithmetic with it prohibited for !root"	"	 
"e3effcdfe02e"	 "WARNING"	 "LONG_LINE_STRING"	 " tools/testing/selftests/bpf/verifier/bounds.c"	 "302"	 " line length of 123 exceeds 100 columns"	 "+	.errstr_unpriv = "R1 has unknown scalar with mixed signed bounds	 pointer arithmetic with it prohibited for !root"	"	 
"18644cec714a"	 "WARNING"	 "COMMIT_LOG_LONG_LINE"	 ""	 ""	 " Possible unwrapped commit description (prefer a maximum 75 chars per line)"	 "Otherwise prog freeing will try to put trampoline via prog->aux->trampoline	"	 
"20be493b787c"	 "WARNING"	 "COMMIT_LOG_LONG_LINE"	 ""	 ""	 " Possible unwrapped commit description (prefer a maximum 75 chars per line)"	 "* When updating @blocks_submitted	 @block refers to the first block block not"	 
"bf71bc16e021"	 "WARNING"	 "COMMIT_LOG_LONG_LINE"	 ""	 ""	 " Possible unwrapped commit description (prefer a maximum 75 chars per line)"	 " Bad Address (null pointer deref?): Code=26 (Data memory access rights trap) at addr 0000000000000000"	 
"e9bdf7e655b9"	 "WARNING"	 "BAD_SIGN_OFF"	 ""	 ""	 " Duplicate signature"	 "Signed-off-by: Linus Walleij <linus.walleij@linaro.org>"	 
"2f26ed1764b4"	 "WARNING"	 "COMMIT_LOG_LONG_LINE"	 ""	 ""	 " Possible unwrapped commit description (prefer a maximum 75 chars per line)"	 "  CPU: 0 PID: 874 Comm: syz-executor.0 Not tainted 5.7.0-rc7-syzkaller-00016-gb0c3ba31be3e #0"	 
"7c6d2ecbda83"	 "WARNING"	 "COMMIT_LOG_LONG_LINE"	 ""	 ""	 " Possible unwrapped commit description (prefer a maximum 75 chars per line)"	 "When --mss=XXX option is set	 packetdrill always provide gso_type & gso_size"	 
"4377748c7b51"	 "WARNING"	 "COMMIT_LOG_LONG_LINE"	 ""	 ""	 " Possible unwrapped commit description (prefer a maximum 75 chars per line)"	 " #define cpumask_first_and(src1p	 src2p) cpumask_next_and(-1	 (src1p)	 (src2p))"	 
"6988f31d558a"	 "ERROR"	 "GIT_COMMIT_ID"	 ""	 ""	 " Please use git commit description style 'commit <12+ chars of sha1> ("<title line>")' - ie"	 "119d6d59dcc0 ("mm	 compaction: avoid isolating pinned pages") before"	 
"6988f31d558a"	 "WARNING"	 "COMMIT_LOG_LONG_LINE"	 ""	 ""	 " Possible unwrapped commit description (prefer a maximum 75 chars per line)"	 "    page:ffffea0105ca9380 count:1 mapcount:0 mapping:ffff88ff7712c180 index:0x0 compound_mapcount: 0"	 
"88743470668e"	 "ERROR"	 "GIT_COMMIT_ID"	 ""	 ""	 " Please use git commit description style 'commit <12+ chars of sha1> ("<title line>")' - ie"	 "  1b7e03ef7570 ("x86	 NUMA: Enable emulation on 32bit too")"	 
"88743470668e"	 "ERROR"	 "GIT_COMMIT_ID"	 ""	 ""	 " Please use git commit description style 'commit <12+ chars of sha1> ("<title line>")' - ie"	 "  c5a5dc4cbbf4 ("iommu/vt-d: Don't switch off swiotlb if bounce page is used")"	 
"88743470668e"	 "WARNING"	 "COMMIT_LOG_LONG_LINE"	 ""	 ""	 " Possible unwrapped commit description (prefer a maximum 75 chars per line)"	 "  c5a5dc4cbbf4 ("iommu/vt-d: Don't switch off swiotlb if bounce page is used")"	 
"d195b1d1d119"	 "WARNING"	 "COMMIT_LOG_LONG_LINE"	 ""	 ""	 " Possible unwrapped commit description (prefer a maximum 75 chars per line)"	 "At the moment	 these backward compatible functions are enabled only on x86_64	"	 
"e0bbb53843b5"	 "WARNING"	 "COMMIT_LOG_LONG_LINE"	 ""	 ""	 " Possible unwrapped commit description (prefer a maximum 75 chars per line)"	 "Current implementation could destory a4 & a5 when strace	 so we need to get them"	 
"e0bbb53843b5"	 "WARNING"	 "TYPO_SPELLING"	 ""	 ""	 " 'destory' may be misspelled - perhaps 'destroy'?"	 "Current implementation could destory a4 & a5 when strace	 so we need to get them"	 
"900897591b2b"	 "WARNING"	 "COMMIT_LOG_LONG_LINE"	 ""	 ""	 " Possible unwrapped commit description (prefer a maximum 75 chars per line)"	 "[    0.14116700] WARNING: CPU: 0 PID: 0 at kernel/sched/core.c:3790 preempt_count_add+0xc8/0x11c"	 
"2b86cb829976"	 "ERROR"	 "GIT_COMMIT_ID"	 ""	 ""	 " Please use git commit description style 'commit <12+ chars of sha1> ("<title line>")' - ie"	 "1a33e10e4a95 ("net: partially revert dynamic lockdep key changes")	 this"	 
"2b86cb829976"	 "WARNING"	 "COMMIT_LOG_LONG_LINE"	 ""	 ""	 " Possible unwrapped commit description (prefer a maximum 75 chars per line)"	 "  In addition	 updating lockdep class key routine might have to be existing."	 
"9e4636545933"	 "WARNING"	 "UNSPECIFIED_INT"	 " arch/x86/kernel/fpu/xstate.c"	 "960"	 " Prefer 'unsigned int' to bare use of 'unsigned'"	 "+static void fill_gap(unsigned to	 void **kbuf	 unsigned *pos	 unsigned *count)"	 
"9e4636545933"	 "WARNING"	 "UNSPECIFIED_INT"	 " arch/x86/kernel/fpu/xstate.c"	 "960"	 " Prefer 'unsigned int *' to bare use of 'unsigned *'"	 "+static void fill_gap(unsigned to	 void **kbuf	 unsigned *pos	 unsigned *count)"	 
"9e4636545933"	 "WARNING"	 "UNSPECIFIED_INT"	 " arch/x86/kernel/fpu/xstate.c"	 "960"	 " Prefer 'unsigned int *' to bare use of 'unsigned *'"	 "+static void fill_gap(unsigned to	 void **kbuf	 unsigned *pos	 unsigned *count)"	 
"9e4636545933"	 "WARNING"	 "UNSPECIFIED_INT"	 " arch/x86/kernel/fpu/xstate.c"	 "963"	 " Prefer 'unsigned int' to bare use of 'unsigned'"	 "+		unsigned size = to - *pos;"	 
"9e4636545933"	 "WARNING"	 "UNSPECIFIED_INT"	 " arch/x86/kernel/fpu/xstate.c"	 "974"	 " Prefer 'unsigned int' to bare use of 'unsigned'"	 "+static void copy_part(unsigned offset	 unsigned size	 void *from	"	 
"9e4636545933"	 "WARNING"	 "UNSPECIFIED_INT"	 " arch/x86/kernel/fpu/xstate.c"	 "974"	 " Prefer 'unsigned int' to bare use of 'unsigned'"	 "+static void copy_part(unsigned offset	 unsigned size	 void *from	"	 
"9e4636545933"	 "WARNING"	 "UNSPECIFIED_INT"	 " arch/x86/kernel/fpu/xstate.c"	 "975"	 " Prefer 'unsigned int *' to bare use of 'unsigned *'"	 "+			void **kbuf	 unsigned *pos	 unsigned *count)"	 
"9e4636545933"	 "WARNING"	 "UNSPECIFIED_INT"	 " arch/x86/kernel/fpu/xstate.c"	 "975"	 " Prefer 'unsigned int *' to bare use of 'unsigned *'"	 "+			void **kbuf	 unsigned *pos	 unsigned *count)"	 
"9e4636545933"	 "WARNING"	 "UNSPECIFIED_INT"	 " arch/x86/kernel/fpu/xstate.c"	 "998"	 " Prefer 'unsigned int' to bare use of 'unsigned'"	 "+	const unsigned off_mxcsr = offsetof(struct fxregs_state	 mxcsr);"	 
"9e4636545933"	 "WARNING"	 "UNSPECIFIED_INT"	 " arch/x86/kernel/fpu/xstate.c"	 "999"	 " Prefer 'unsigned int' to bare use of 'unsigned'"	 "+	unsigned count = size_total;"	 
"bb2f930d6dd7"	 "WARNING"	 "COMMIT_LOG_LONG_LINE"	 ""	 ""	 " Possible unwrapped commit description (prefer a maximum 75 chars per line)"	 " Code: 4c 89 65 50 48 89 f8 48 c1 e8 03 42 80 3c 30 00 0f 85 2a 02 00 00 48 8d 7d 10 4c 89 65 58 48 89 f8 48 c1 e8 03 42 80 3c 30 00 <0f> 85 a7 01 00 00 48 8d 7d 18 48 c7 45 10 46 c3 23 00 48 89 f8 48"	 
"bb2f930d6dd7"	 "WARNING"	 "FILE_PATH_CHANGES"	 ""	 ""	 " added	 moved or deleted file(s)	 does MAINTAINERS need updating?"	 "new file mode 100644"	 
"4946ea5c1237"	 "WARNING"	 "COMMIT_LOG_LONG_LINE"	 ""	 ""	 " Possible unwrapped commit description (prefer a maximum 75 chars per line)"	 ">> include/linux/netfilter/nf_conntrack_pptp.h:13:20: warning: 'const' type qualifier on return type has no effect [-Wignored-qualifiers]"	 
"fb33c114d3ed"	 "WARNING"	 "BAD_SIGN_OFF"	 ""	 ""	 " 'Reported-and-tested-by"	 "Reported-and-Tested-by: Andrej Filipčič <andrej.filipcic@ijs.si>"	 
"7f5ad9c90034"	 "ERROR"	 "SPACING"	 " sound/usb/quirks-table.h"	 "3577"	 " space prohibited after that '&' (ctx"	 "+	.driver_info = (unsigned long) & (const struct snd_usb_audio_quirk) {"	 
"7f5ad9c90034"	 "ERROR"	 "SPACING"	 " sound/usb/quirks-table.h"	 "3586"	 " space prohibited after that '&' (ctx"	 "+	.driver_info = (unsigned long) & (const struct snd_usb_audio_quirk) {"	 
"0a82e230c688"	 "WARNING"	 "COMMIT_LOG_LONG_LINE"	 ""	 ""	 " Possible unwrapped commit description (prefer a maximum 75 chars per line)"	 "general protection fault	 probably for non-canonical address 0xdffffc0000000004: 0000 [#1] PREEMPT SMP KASAN"	 
"700d3a5a664d"	 "ERROR"	 "GIT_COMMIT_ID"	 ""	 ""	 " Please use git commit description style 'commit <12+ chars of sha1> ("<title line>")' - ie"	 "  45e29d119e99 ("x86/syscalls: Make __X32_SYSCALL_BIT be unsigned long")"	 
"5d14c304bfc1"	 "WARNING"	 "COMMIT_LOG_LONG_LINE"	 ""	 ""	 " Possible unwrapped commit description (prefer a maximum 75 chars per line)"	 "  https://patchwork.ozlabs.org/project/netdev/cover/1508178970-28945-1-git-send-email-madalin.bucur@nxp.com/"	 
"ee04805ff54a"	 "ERROR"	 "SPACING"	 " net/netfilter/nf_conntrack_core.c"	 "2135"	 " space prohibited after that '-' (ctx"	 "+	return nf_conntrack_confirm(skb) == NF_DROP ? - 1 : 0;"	 
"202500d21654"	 "WARNING"	 "COMMIT_LOG_LONG_LINE"	 ""	 ""	 " Possible unwrapped commit description (prefer a maximum 75 chars per line)"	 "The data structure member “rpmb->md” was passed to a call of the function"	 
"9cb1fd0efd19"	 "ERROR"	 "MISSING_SIGN_OFF"	 ""	 ""	 " Missing Signed-off-by"	 "total: 1 errors	 1 warnings	 8 lines checked"	 
"9cb1fd0efd19"	 "WARNING"	 "COMMIT_MESSAGE"	 ""	 ""	 " Missing commit description - Add an appropriate one"	 "ERROR:MISSING_SIGN_OFF: Missing Signed-off-by: line(s)"	 
"31096c3e8b11"	 "ERROR"	 "GIT_COMMIT_ID"	 ""	 ""	 " Please use git commit description style 'commit <12+ chars of sha1> ("<title line>")' - ie"	 "Commit 14b41a2959fb ("net: stmmac: Delete txtimer in suspend") was the"	 
"d8f117abb380"	 "WARNING"	 "COMMIT_LOG_LONG_LINE"	 ""	 ""	 " Possible unwrapped commit description (prefer a maximum 75 chars per line)"	 "  CPU: 0 PID: 4121 Comm: GoogleApiHandle Tainted: P S         OE     4.19.81-perf+ #162"	 
"f7fa1876af81"	 "WARNING"	 "NO_AUTHOR_SIGN_OFF"	 ""	 ""	 " Missing Signed-off-by"	 "total: 0 errors	 1 warnings	 8 lines checked"	 
"fc94cf2092c7"	 "WARNING"	 "TYPO_SPELLING"	 ""	 ""	 " 'explict' may be misspelled - perhaps 'explicit'?"	 "Add an explict include line for the header that defines these"	 
"380e5c1d9b5e"	 "WARNING"	 "BAD_SIGN_OFF"	 ""	 ""	 " 'Reviewed-by"	 "Reviewed-By: Mina Almasry <almasrymina@google.com>"	 
"c071b0f11e7f"	 "WARNING"	 "BAD_SIGN_OFF"	 ""	 ""	 " 'Reviewed-by"	 "Reviewed-By: Brian Gerst <brgerst@gmail.com>"	 
"60858c00e5f0"	 "WARNING"	 "COMMIT_LOG_LONG_LINE"	 ""	 ""	 " Possible unwrapped commit description (prefer a maximum 75 chars per line)"	 "  [root@localhost ~]# ndctl create-namespace --force --reconfig=namespace0.0 --mode=devdax"	 
"3138a07ce219"	 "ERROR"	 "GIT_COMMIT_ID"	 ""	 ""	 " Please use git commit description style 'commit <12+ chars of sha1> ("<title line>")' - ie"	 "a kernel without 895586d5dc32 and with 895586d5dc32 applied is:"	 
"3138a07ce219"	 "WARNING"	 "COMMIT_LOG_LONG_LINE"	 ""	 ""	 " Possible unwrapped commit description (prefer a maximum 75 chars per line)"	 "       mvpp2_write(priv	 MVPP22_RXQ2RSS_TABLE	 MVPP22_RSS_TABLE_POINTER(ctx));"	 
"187b96db5ca7"	 "ERROR"	 "GIT_COMMIT_ID"	 ""	 ""	 " Please use git commit description style 'commit <12+ chars of sha1> ("<title line>")' - ie"	 "  f1d9a2abff66 ("x86/unwind/orc: Don't skip the first frame for inactive tasks")"	 
"187b96db5ca7"	 "WARNING"	 "COMMIT_LOG_LONG_LINE"	 ""	 ""	 " Possible unwrapped commit description (prefer a maximum 75 chars per line)"	 "  f1d9a2abff66 ("x86/unwind/orc: Don't skip the first frame for inactive tasks")"	 
"187b96db5ca7"	 "WARNING"	 "LINE_SPACING"	 " arch/x86/kernel/unwind_orc.c"	 "333"	 " Missing a blank line after declarations"	 "+		struct inactive_task_frame *frame = (void *)task->thread.sp;"	 
"8cfb347ad0cf"	 "WARNING"	 "BAD_SIGN_OFF"	 ""	 ""	 " Non-standard signature"	 "Signed-of-by: Al Viro <viro@zeniv.linux.org.uk>"	 
"8cfb347ad0cf"	 "WARNING"	 "NO_AUTHOR_SIGN_OFF"	 ""	 ""	 " Missing Signed-off-by"	 "total: 0 errors	 2 warnings	 8 lines checked"	 
"7a839dbab1be"	 "WARNING"	 "TYPO_SPELLING"	 " drivers/misc/cardreader/rtsx_pcr.c"	 "145"	 " 'timout' may be misspelled - perhaps 'timeout'?"	 "+	/* Fixes DMA transfer timout issue after disabling ASPM on RTS5260 */"	 
"7a839dbab1be"	 "WARNING"	 "MSLEEP"	 " drivers/misc/cardreader/rtsx_pcr.c"	 "146"	 " msleep < 20ms can sleep for up to 20ms; see Documentation/timers/timers-howto.rst"	 "+	msleep(1);"	 
"41b4bd986f86"	 "ERROR"	 "GIT_COMMIT_ID"	 ""	 ""	 " Please use git commit description style 'commit <12+ chars of sha1> ("<title line>")' - ie"	 "commit ae677bbb4441 introduced the dump_all_families variable	 which"	 
"233cbffaa0b9"	 "WARNING"	 "UNDOCUMENTED_DT_STRING"	 " arch/arm/boot/dts/mmp3-dell-ariel.dts"	 "106"	 " DT compatible string "winbond	w25q32" appears un-documented -- check ./Documentation/devicetree/bindings/"	 "+		compatible = "winbond	w25q32"	 "jedec	spi-nor";"	 
"c78a0b4a7883"	 "WARNING"	 "TYPO_SPELLING"	 ""	 ""	 " 'Taht' may be misspelled - perhaps 'That'?"	 "Reported-by: Dave Taht <dave.taht@gmail.com>"	 
"c78a0b4a7883"	 "WARNING"	 "TYPO_SPELLING"	 ""	 ""	 " 'taht' may be misspelled - perhaps 'that'?"	 "Reported-by: Dave Taht <dave.taht@gmail.com>"	 
"dfeb376dd4cb"	 "WARNING"	 "COMMIT_LOG_LONG_LINE"	 ""	 ""	 " Possible unwrapped commit description (prefer a maximum 75 chars per line)"	 "As discussed in [0]	 it's dangerous to allow mapping BPF map	 that's meant to"	 
"0550cfe8c2c6"	 "WARNING"	 "COMMIT_LOG_LONG_LINE"	 ""	 ""	 " Possible unwrapped commit description (prefer a maximum 75 chars per line)"	 "https: //lore.kernel.org/bpf/9d0eb6c6-803a-ff3a-5603-9ad6d9edfc00@schaufler-ca.com/#t"	 
"58bb90ab4155"	 "WARNING"	 "COMMIT_LOG_LONG_LINE"	 ""	 ""	 " Possible unwrapped commit description (prefer a maximum 75 chars per line)"	 "[1]: https://www.raspberrypi.org/documentation/hardware/raspberrypi/schematics/rpi_SCH_ZeroW_1p1_reduced.pdf"	 
"31ecebee9c36"	 "WARNING"	 "UNNECESSARY_ELSE"	 " drivers/gpu/drm/amd/display/dc/dcn10/dcn10_hw_sequencer.c"	 "1672"	 " else is not generally useful after a break or return"	 "+		return;"	 
"5aa82e35cacf"	 "WARNING"	 "FILE_PATH_CHANGES"	 ""	 ""	 " added	 moved or deleted file(s)	 does MAINTAINERS need updating?"	 "deleted file mode 100644"	 
"566d136289dc"	 "WARNING"	 "COMMIT_LOG_LONG_LINE"	 ""	 ""	 " Possible unwrapped commit description (prefer a maximum 75 chars per line)"	 "  CPU: 0 PID: 9460 Comm: syz-executor.5 Not tainted 5.6.0-rc3-next-20200228-syzkaller #0"	 
"441fdee1eaf0"	 "WARNING"	 "COMMIT_LOG_LONG_LINE"	 ""	 ""	 " Possible unwrapped commit description (prefer a maximum 75 chars per line)"	 " 52873.203230: rxrpc_tx_data: c=000004ae DATA ed1a3584:00000002 0002449c q=00024499 fl=09"	 
"441fdee1eaf0"	 "WARNING"	 "NETWORKING_BLOCK_COMMENT_STYLE"	 " net/rxrpc/input.c"	 "806"	 " networking block comments don't use an empty /* line	 use /* Comment..."	 "+/*"	 
"d1f129470e6c"	 "ERROR"	 "SPACING"	 " include/trace/events/rxrpc.h"	 "1553"	 " space prohibited before that close parenthesis ')'"	 "+		    __field(unsigned int		debug_id	)"	 
"d1f129470e6c"	 "ERROR"	 "SPACING"	 " include/trace/events/rxrpc.h"	 "1554"	 " space prohibited before that close parenthesis ')'"	 "+		    __field(rxrpc_serial_t		serial		)"	 
"20a785aa52c8"	 "WARNING"	 "COMMIT_LOG_LONG_LINE"	 ""	 ""	 " Possible unwrapped commit description (prefer a maximum 75 chars per line)"	 "It appears that the side effect that starts the shutdown timer was processed"	 
"20a785aa52c8"	 "WARNING"	 "TYPO_SPELLING"	 ""	 ""	 " 'occured' may be misspelled - perhaps 'occurred'?"	 "occured in production environments where test kernels are enjoined from being"	 
"20a785aa52c8"	 "WARNING"	 "NETWORKING_BLOCK_COMMENT_STYLE"	 " net/sctp/sm_sideeffect.c"	 "1527"	 " networking block comments don't use an empty /* line	 use /* Comment..."	 "+			/*"	 
"88d7fcfa3b1f"	 "WARNING"	 "COMMIT_LOG_LONG_LINE"	 ""	 ""	 " Possible unwrapped commit description (prefer a maximum 75 chars per line)"	 "The commit 637bc8bbe6c0 ("inet: reset tb->fastreuseport when adding a reuseport sk")"	 
"ef01cee2ee1b"	 "WARNING"	 "SUSPECT_CODE_INDENT"	 " drivers/net/ethernet/apple/bmac.c"	 "1185"	 " suspect code indent for conditional statements (8	 24)"	 "+	for (i = 0; i < 3; i++)"	 
"b34cb07dde7c"	 "ERROR"	 "CODE_INDENT"	 " kernel/sched/fair.c"	 "5483"	 " code indent should use tabs where possible"	 "+               /*$"	 
"b34cb07dde7c"	 "ERROR"	 "CODE_INDENT"	 " kernel/sched/fair.c"	 "5484"	 " code indent should use tabs where possible"	 "+                * One parent has been throttled and cfs_rq removed from the$"	 
"b34cb07dde7c"	 "ERROR"	 "CODE_INDENT"	 " kernel/sched/fair.c"	 "5485"	 " code indent should use tabs where possible"	 "+                * list. Add it back to not break the leaf list.$"	 
"b34cb07dde7c"	 "ERROR"	 "CODE_INDENT"	 " kernel/sched/fair.c"	 "5486"	 " code indent should use tabs where possible"	 "+                */$"	 
"b34cb07dde7c"	 "ERROR"	 "CODE_INDENT"	 " kernel/sched/fair.c"	 "5487"	 " code indent should use tabs where possible"	 "+               if (throttled_hierarchy(cfs_rq))$"	 
"b34cb07dde7c"	 "ERROR"	 "CODE_INDENT"	 " kernel/sched/fair.c"	 "5488"	 " code indent should use tabs where possible"	 "+                       list_add_leaf_cfs_rq(cfs_rq);$"	 
"b34cb07dde7c"	 "WARNING"	 "COMMIT_LOG_LONG_LINE"	 ""	 ""	 " Possible unwrapped commit description (prefer a maximum 75 chars per line)"	 "the first for_each_sched_entity loop exits due to on_rq	 having incompletely"	 
"b34cb07dde7c"	 "WARNING"	 "LEADING_SPACE"	 " kernel/sched/fair.c"	 "5487"	 " please	 no spaces at the start of a line"	 "+               if (throttled_hierarchy(cfs_rq))$"	 
"b34cb07dde7c"	 "WARNING"	 "SUSPECT_CODE_INDENT"	 " kernel/sched/fair.c"	 "5487"	 " suspect code indent for conditional statements (15	 23)"	 "+               if (throttled_hierarchy(cfs_rq))"	 
"b34cb07dde7c"	 "WARNING"	 "LEADING_SPACE"	 " kernel/sched/fair.c"	 "5488"	 " please	 no spaces at the start of a line"	 "+                       list_add_leaf_cfs_rq(cfs_rq);$"	 
"d7110a26e590"	 "ERROR"	 "GIT_COMMIT_ID"	 ""	 ""	 " Please use git commit description style 'commit <12+ chars of sha1> ("<title line>")' - ie"	 "  f7e30f01a9e2 ("cpumask: Add helper cpumask_available()")"	 
"b0cb099062b0"	 "ERROR"	 "GIT_COMMIT_ID"	 ""	 ""	 " Please use git commit description style 'commit <12+ chars of sha1> ("<title line>")' - ie"	 "e8a91ae18bdc ("ALSA: ice1712: Add support for STAudio ADCIII") we"	 
"b9bbe6ed63b2"	 "ERROR"	 "MISSING_SIGN_OFF"	 ""	 ""	 " Missing Signed-off-by"	 "total: 1 errors	 1 warnings	 8 lines checked"	 
"b9bbe6ed63b2"	 "WARNING"	 "COMMIT_MESSAGE"	 ""	 ""	 " Missing commit description - Add an appropriate one"	 "ERROR:MISSING_SIGN_OFF: Missing Signed-off-by: line(s)"	 
"0e7572cffe44"	 "ERROR"	 "GIT_COMMIT_ID"	 ""	 ""	 " Please use git commit description style 'commit <12+ chars of sha1> ("<title line>")' - ie"	 "3bfa7e141b0b ("fs/seq_file.c: seq_read(): add info message about buggy .next functions")"	 
"0e7572cffe44"	 "WARNING"	 "COMMIT_LOG_LONG_LINE"	 ""	 ""	 " Possible unwrapped commit description (prefer a maximum 75 chars per line)"	 "3bfa7e141b0b ("fs/seq_file.c: seq_read(): add info message about buggy .next functions")"	 
"a6211caa634d"	 "WARNING"	 "COMMIT_LOG_LONG_LINE"	 ""	 ""	 " Possible unwrapped commit description (prefer a maximum 75 chars per line)"	 "Commit adb03115f459 ("net: get rid of an signed integer overflow in ip_idents_reserve()")"	 
"61d0301e6c05"	 "WARNING"	 "COMMIT_LOG_LONG_LINE"	 ""	 ""	 " Possible unwrapped commit description (prefer a maximum 75 chars per line)"	 "Add the missing size and address cells to the b53 example. Otherwise	 it may not"	 
"583863ed9181"	 "WARNING"	 "COMMIT_LOG_LONG_LINE"	 ""	 ""	 " Possible unwrapped commit description (prefer a maximum 75 chars per line)"	 "CPU: 1 PID: 7090 Comm: syz-executor222 Not tainted 5.7.0-rc1-next-20200415-syzkaller #0"	 
"b2a5212fb634"	 "ERROR"	 "GIT_COMMIT_ID"	 ""	 ""	 " Please use git commit description style 'commit <12+ chars of sha1> ("<title line>")' - ie"	 "While the helpers have been addressed through work in 6ae08ae3dea2 ("bpf: Add"	 
"b2a5212fb634"	 "WARNING"	 "COMMIT_LOG_LONG_LINE"	 ""	 ""	 " Possible unwrapped commit description (prefer a maximum 75 chars per line)"	 "Usage of plain %s conversion specifier in bpf_trace_printk() suffers from the"	 
"47cc0ed574ab"	 "ERROR"	 "GIT_COMMIT_ID"	 ""	 ""	 " Please use git commit description style 'commit <12+ chars of sha1> ("<title line>")' - ie"	 "as well to avoid hitting the same issue as in 849fa50662fbc ("bpf/verifier:"	 
"47cc0ed574ab"	 "WARNING"	 "COMMIT_LOG_LONG_LINE"	 ""	 ""	 " Possible unwrapped commit description (prefer a maximum 75 chars per line)"	 "replacements of bpf_probe_read_{kernel	user}_str() to do_refine_retval_range()"	 
"0ebeea8ca8a4"	 "ERROR"	 "GIT_COMMIT_ID"	 ""	 ""	 " Please use git commit description style 'commit <12+ chars of sha1> ("<title line>")' - ie"	 "For details on them	 see 6ae08ae3dea2 ("bpf: Add probe_read_{user	 kernel}"	 
"15753588bcd4"	 "WARNING"	 "COMMIT_LOG_LONG_LINE"	 ""	 ""	 " Possible unwrapped commit description (prefer a maximum 75 chars per line)"	 "the size of the kstrdup-ed buffer becomes smaller than that of the original."	 
"15753588bcd4"	 "WARNING"	 "TYPO_SPELLING"	 ""	 ""	 " 'orignal' may be misspelled - perhaps 'original'?"	 "by comparing the strlen() of the orignal buffer with the size variable	"	 
"76e1ef1d81a4"	 "ERROR"	 "CODE_INDENT"	 " drivers/usb/core/hub.c"	 "5626"	 " code indent should use tabs where possible"	 "+                   	 USB_DEVICE_ID_MATCH_PRODUCT$"	 
"76e1ef1d81a4"	 "ERROR"	 "CODE_INDENT"	 " drivers/usb/core/hub.c"	 "5627"	 " code indent should use tabs where possible"	 "+                   	 USB_DEVICE_ID_MATCH_INT_CLASS	$"	 
"76e1ef1d81a4"	 "WARNING"	 "COMMIT_LOG_LONG_LINE"	 ""	 ""	 " Possible unwrapped commit description (prefer a maximum 75 chars per line)"	 "[1] https://lore.kernel.org/linux-renesas-soc/73933975-6F0E-40F5-9584-D2B8F615C0F3@canonical.com/"	 
"76e1ef1d81a4"	 "WARNING"	 "LEADING_SPACE"	 " drivers/usb/core/hub.c"	 "5625"	 " please	 no spaces at the start of a line"	 "+    { .match_flags = USB_DEVICE_ID_MATCH_VENDOR$"	 
"76e1ef1d81a4"	 "WARNING"	 "LEADING_SPACE"	 " drivers/usb/core/hub.c"	 "5626"	 " please	 no spaces at the start of a line"	 "+                   	 USB_DEVICE_ID_MATCH_PRODUCT$"	 
"76e1ef1d81a4"	 "WARNING"	 "LEADING_SPACE"	 " drivers/usb/core/hub.c"	 "5627"	 " please	 no spaces at the start of a line"	 "+                   	 USB_DEVICE_ID_MATCH_INT_CLASS	$"	 
"76e1ef1d81a4"	 "WARNING"	 "LEADING_SPACE"	 " drivers/usb/core/hub.c"	 "5629"	 " please	 no spaces at the start of a line"	 "+      .idProduct = USB_PRODUCT_USB5534B	$"	 
"17b4efdf4e48"	 "WARNING"	 "COMMIT_LOG_LONG_LINE"	 ""	 ""	 " Possible unwrapped commit description (prefer a maximum 75 chars per line)"	 "[1] https://lore.kernel.org/linux-riscv/b9fe49483a903f404e7acc15a6efbef756db28ae.camel@wdc.com"	 
"a9a3ed1eff36"	 "WARNING"	 "COMMIT_LOG_LONG_LINE"	 ""	 ""	 " Possible unwrapped commit description (prefer a maximum 75 chars per line)"	 "  Kernel panic — not syncing: stack-protector: Kernel stack is corrupted in: start_secondary"	 
"ab7cf7e53ccf"	 "WARNING"	 "SPLIT_STRING"	 " drivers/i2c/algos/i2c-algo-pca.c"	 "545"	 " quoted string split across lines"	 " MODULE_AUTHOR("Ian Campbell <icampbell@arcom.com>	 ""	 
"ee63fab3ccf9"	 "WARNING"	 "NO_AUTHOR_SIGN_OFF"	 ""	 ""	 " Missing Signed-off-by"	 "total: 0 errors	 1 warnings	 15 lines checked"	 
"8eed292bc8cb"	 "WARNING"	 "UNKNOWN_COMMIT_ID"	 ""	 ""	 " Unknown commit id 'e3d3ab64dd66'	 maybe rebased or not pulled?"	 "Prior to commit e3d3ab64dd66 ("SUNRPC: Use au_rslack when"	 
"8eed292bc8cb"	 "WARNING"	 "NO_AUTHOR_SIGN_OFF"	 ""	 ""	 " Missing Signed-off-by"	 "total: 0 errors	 2 warnings	 15 lines checked"	 
"7915502377c5"	 "WARNING"	 "COMMIT_MESSAGE"	 ""	 ""	 " Missing commit description - Add an appropriate one"	 "WARNING:LOGGING_CONTINUATION: Avoid logging continuation uses where feasible"	 
"c9e2053d4b1c"	 "WARNING"	 "COMMIT_MESSAGE"	 ""	 ""	 " Missing commit description - Add an appropriate one"	 "total: 0 errors	 1 warnings	 7 lines checked"	 
"e92888c72fbd"	 "WARNING"	 "ENOTSUPP"	 " kernel/bpf/verifier.c"	 "7072"	 " ENOTSUPP is not a SUSV4 error code	 prefer EOPNOTSUPP"	 "+			return -ENOTSUPP;"	 
"333291ce5055"	 "WARNING"	 "COMMIT_LOG_LONG_LINE"	 ""	 ""	 " Possible unwrapped commit description (prefer a maximum 75 chars per line)"	 "initial page offset. This wasn't taken into account in initial implementation"	 
"23ad04669f81"	 "WARNING"	 "COMMIT_LOG_LONG_LINE"	 ""	 ""	 " Possible unwrapped commit description (prefer a maximum 75 chars per line)"	 "/usr/bin/ld: samples/bpf/lwt_len_hist_user.o:(.bss+0x0): multiple definition of `bpf_log_buf'; samples/bpf/bpf_load.o:(.bss+0x8c0): first defined here"	 
"65759097d804"	 "ERROR"	 "GIT_COMMIT_ID"	 ""	 ""	 " Please use git commit description style 'commit <12+ chars of sha1> ("<title line>")' - ie"	 "actual fatal_signal_pending() check was added: c257a340ede0 ("fs	 epoll:"	 
"65759097d804"	 "WARNING"	 "COMMIT_LOG_LONG_LINE"	 ""	 ""	 " Possible unwrapped commit description (prefer a maximum 75 chars per line)"	 "   https://lore.kernel.org/linux-fsdevel/a2f22c3c-c25a-4bda-8339-a7bdaf17849e@akamai.com/"	 
"a0e710a7def4"	 "WARNING"	 "COMMIT_LOG_LONG_LINE"	 ""	 ""	 " Possible unwrapped commit description (prefer a maximum 75 chars per line)"	 "dma_mmap_coherent() to handle issues with systems with non-coherent USB host"	 
"51bb38cb7836"	 "WARNING"	 "QUOTED_WHITESPACE_BEFORE_NEWLINE"	 " arch/csky/include/asm/uaccess.h"	 "291"	 " unnecessary whitespace before a quoted newline"	 "+	"       bf      13f             \n"		\"	 
"51bb38cb7836"	 "WARNING"	 "QUOTED_WHITESPACE_BEFORE_NEWLINE"	 " arch/csky/include/asm/uaccess.h"	 "298"	 " unnecessary whitespace before a quoted newline"	 "+	"7:     subi	%0	  4          \n"		\"	 
"51bb38cb7836"	 "WARNING"	 "QUOTED_WHITESPACE_BEFORE_NEWLINE"	 " arch/csky/include/asm/uaccess.h"	 "299"	 " unnecessary whitespace before a quoted newline"	 "+	"8:     subi	%0	  4          \n"		\"	 
"51bb38cb7836"	 "WARNING"	 "QUOTED_WHITESPACE_BEFORE_NEWLINE"	 " arch/csky/include/asm/uaccess.h"	 "300"	 " unnecessary whitespace before a quoted newline"	 "+	"12:    subi	%0	  4          \n"		\"	 
"51bb38cb7836"	 "WARNING"	 "QUOTED_WHITESPACE_BEFORE_NEWLINE"	 " arch/csky/include/asm/uaccess.h"	 "301"	 " unnecessary whitespace before a quoted newline"	 "+	"       br      13f             \n"		\"	 
"51bb38cb7836"	 "WARNING"	 "QUOTED_WHITESPACE_BEFORE_NEWLINE"	 " arch/csky/include/asm/uaccess.h"	 "304"	 " unnecessary whitespace before a quoted newline"	 "+	".long    2b	 13f               \n"		\"	 
"51bb38cb7836"	 "WARNING"	 "QUOTED_WHITESPACE_BEFORE_NEWLINE"	 " arch/csky/include/asm/uaccess.h"	 "305"	 " unnecessary whitespace before a quoted newline"	 "+	".long    4b	 13f               \n"		\"	 
"51bb38cb7836"	 "WARNING"	 "QUOTED_WHITESPACE_BEFORE_NEWLINE"	 " arch/csky/include/asm/uaccess.h"	 "306"	 " unnecessary whitespace before a quoted newline"	 "+	".long    6b	 13f               \n"		\"	 
"51bb38cb7836"	 "WARNING"	 "QUOTED_WHITESPACE_BEFORE_NEWLINE"	 " arch/csky/include/asm/uaccess.h"	 "307"	 " unnecessary whitespace before a quoted newline"	 "+	".long    9b	 12b               \n"		\"	 
"51bb38cb7836"	 "WARNING"	 "QUOTED_WHITESPACE_BEFORE_NEWLINE"	 " arch/csky/include/asm/uaccess.h"	 "308"	 " unnecessary whitespace before a quoted newline"	 "+	".long   10b	 8b                \n"		\"	 
"51bb38cb7836"	 "WARNING"	 "QUOTED_WHITESPACE_BEFORE_NEWLINE"	 " arch/csky/include/asm/uaccess.h"	 "311"	 " unnecessary whitespace before a quoted newline"	 "+	"13:                            \n"		\"	 
"51bb38cb7836"	 "WARNING"	 "QUOTED_WHITESPACE_BEFORE_NEWLINE"	 " arch/csky/include/asm/uaccess.h"	 "361"	 " unnecessary whitespace before a quoted newline"	 "+	"8:     stw     %3	 (%1	 0)     \n"		\"	 
"51bb38cb7836"	 "WARNING"	 "QUOTED_WHITESPACE_BEFORE_NEWLINE"	 " arch/csky/include/asm/uaccess.h"	 "362"	 " unnecessary whitespace before a quoted newline"	 "+	"       subi    %0	 4           \n"		\"	 
"51bb38cb7836"	 "WARNING"	 "QUOTED_WHITESPACE_BEFORE_NEWLINE"	 " arch/csky/include/asm/uaccess.h"	 "363"	 " unnecessary whitespace before a quoted newline"	 "+	"       bf      7f              \n"		\"	 
"51bb38cb7836"	 "WARNING"	 "QUOTED_WHITESPACE_BEFORE_NEWLINE"	 " arch/csky/include/asm/uaccess.h"	 "364"	 " unnecessary whitespace before a quoted newline"	 "+	"9:     subi    %0	 8           \n"		\"	 
"51bb38cb7836"	 "WARNING"	 "QUOTED_WHITESPACE_BEFORE_NEWLINE"	 " arch/csky/include/asm/uaccess.h"	 "365"	 " unnecessary whitespace before a quoted newline"	 "+	"       bf      7f              \n"		\"	 
"51bb38cb7836"	 "WARNING"	 "QUOTED_WHITESPACE_BEFORE_NEWLINE"	 " arch/csky/include/asm/uaccess.h"	 "366"	 " unnecessary whitespace before a quoted newline"	 "+	"13:    stw     %3	 (%1	 8)     \n"		\"	 
"51bb38cb7836"	 "WARNING"	 "QUOTED_WHITESPACE_BEFORE_NEWLINE"	 " arch/csky/include/asm/uaccess.h"	 "367"	 " unnecessary whitespace before a quoted newline"	 "+	"       subi    %0	 12          \n"		\"	 
"51bb38cb7836"	 "WARNING"	 "QUOTED_WHITESPACE_BEFORE_NEWLINE"	 " arch/csky/include/asm/uaccess.h"	 "368"	 " unnecessary whitespace before a quoted newline"	 "+	"       bf      7f              \n"		\"	 
"51bb38cb7836"	 "WARNING"	 "QUOTED_WHITESPACE_BEFORE_NEWLINE"	 " arch/csky/include/asm/uaccess.h"	 "371"	 " unnecessary whitespace before a quoted newline"	 "+	".long    2b	 7f                \n"		\"	 
"51bb38cb7836"	 "WARNING"	 "QUOTED_WHITESPACE_BEFORE_NEWLINE"	 " arch/csky/include/asm/uaccess.h"	 "372"	 " unnecessary whitespace before a quoted newline"	 "+	".long    4b	 7f                \n"		\"	 
"51bb38cb7836"	 "WARNING"	 "QUOTED_WHITESPACE_BEFORE_NEWLINE"	 " arch/csky/include/asm/uaccess.h"	 "373"	 " unnecessary whitespace before a quoted newline"	 "+	".long    6b	 7f                \n"		\"	 
"51bb38cb7836"	 "WARNING"	 "QUOTED_WHITESPACE_BEFORE_NEWLINE"	 " arch/csky/include/asm/uaccess.h"	 "375"	 " unnecessary whitespace before a quoted newline"	 "+	".long   11b	 9b                \n"		\"	 
"51bb38cb7836"	 "WARNING"	 "QUOTED_WHITESPACE_BEFORE_NEWLINE"	 " arch/csky/include/asm/uaccess.h"	 "376"	 " unnecessary whitespace before a quoted newline"	 "+	".long   12b	13b                \n"		\"	 
"da4d401a6b8f"	 "WARNING"	 "COMMIT_LOG_LONG_LINE"	 ""	 ""	 " Possible unwrapped commit description (prefer a maximum 75 chars per line)"	 "them all to either WARN_ON_ONCE() (when no ring buffer descriptor is present)	"	 
"3d2353de8106"	 "WARNING"	 "COMMIT_LOG_LONG_LINE"	 ""	 ""	 " Possible unwrapped commit description (prefer a maximum 75 chars per line)"	 "If the function tracer is running and the trace file is read (which uses the"	 
"3c6f8cb92c91"	 "WARNING"	 "COMMIT_LOG_LONG_LINE"	 ""	 ""	 " Possible unwrapped commit description (prefer a maximum 75 chars per line)"	 "<6> Unable to handle kernel NULL pointer dereference at virtual address 0000000c"	 
"97df5e5758f7"	 "WARNING"	 "CONSIDER_KSTRTO"	 " drivers/usb/gadget/legacy/raw_gadget.c"	 "261"	 " simple_strtoul is obsolete	 use kstrtoul instead"	 "+		return simple_strtoul(&name[2]	 NULL	 10);"	 
"e78d334a5470"	 "ERROR"	 "GIT_COMMIT_ID"	 ""	 ""	 " Please use git commit description style 'commit <12+ chars of sha1> ("<title line>")' - ie"	 "  964124a97b97 ("efi/x86: Remove extra headroom for setup block")"	 
"e78d334a5470"	 "WARNING"	 "COMMIT_LOG_LONG_LINE"	 ""	 ""	 " Possible unwrapped commit description (prefer a maximum 75 chars per line)"	 "  /usr/lib/gcc/x86_64-pc-linux-gnu/10.1.0/../../../../x86_64-pc-linux-gnu/bin/ld:"	 
"3d8c11efd528"	 "WARNING"	 "COMMIT_LOG_LONG_LINE"	 ""	 ""	 " Possible unwrapped commit description (prefer a maximum 75 chars per line)"	 "    [Hardware Error]:   section type: unknown	 81212a96-09ed-4996-9471-8d729c8e69ed"	 
"3d8c11efd528"	 "WARNING"	 "PRINTK_WITHOUT_KERN_LEVEL"	 " drivers/firmware/efi/cper.c"	 "423"	 " printk() should include KERN_<LEVEL> facility level"	 "+	printk("%s""Firmware Error Record Type: %s\n"	 pfx	"	 
"3d8c11efd528"	 "WARNING"	 "STRING_FRAGMENTS"	 " drivers/firmware/efi/cper.c"	 "423"	 " Consecutive strings are generally better as a single string"	 "+	printk("%s""Firmware Error Record Type: %s\n"	 pfx	"	 
"3d8c11efd528"	 "WARNING"	 "PRINTK_WITHOUT_KERN_LEVEL"	 " drivers/firmware/efi/cper.c"	 "426"	 " printk() should include KERN_<LEVEL> facility level"	 "+	printk("%s""Revision: %d\n"	 pfx	 fw_err->revision);"	 
"3d8c11efd528"	 "WARNING"	 "STRING_FRAGMENTS"	 " drivers/firmware/efi/cper.c"	 "426"	 " Consecutive strings are generally better as a single string"	 "+	printk("%s""Revision: %d\n"	 pfx	 fw_err->revision);"	 
"3d8c11efd528"	 "WARNING"	 "PRINTK_WITHOUT_KERN_LEVEL"	 " drivers/firmware/efi/cper.c"	 "430"	 " printk() should include KERN_<LEVEL> facility level"	 "+		printk("%s""Record Identifier: %08llx\n"	 pfx	"	 
"3d8c11efd528"	 "WARNING"	 "STRING_FRAGMENTS"	 " drivers/firmware/efi/cper.c"	 "430"	 " Consecutive strings are generally better as a single string"	 "+		printk("%s""Record Identifier: %08llx\n"	 pfx	"	 
"3d8c11efd528"	 "WARNING"	 "PRINTK_WITHOUT_KERN_LEVEL"	 " drivers/firmware/efi/cper.c"	 "433"	 " printk() should include KERN_<LEVEL> facility level"	 "+		printk("%s""Record Identifier: %pUl\n"	 pfx	"	 
"3d8c11efd528"	 "WARNING"	 "STRING_FRAGMENTS"	 " drivers/firmware/efi/cper.c"	 "433"	 " Consecutive strings are generally better as a single string"	 "+		printk("%s""Record Identifier: %pUl\n"	 pfx	"	 
"3d8c11efd528"	 "WARNING"	 "PRINTK_WITHOUT_KERN_LEVEL"	 " drivers/firmware/efi/cper.c"	 "552"	 " printk() should include KERN_<LEVEL> facility level"	 "+		printk("%ssection_type: Firmware Error Record Reference\n"	"	 
"9a6630aef933"	 "WARNING"	 "COMMIT_LOG_LONG_LINE"	 ""	 ""	 " Possible unwrapped commit description (prefer a maximum 75 chars per line)"	 "riscv64-none-linux-gnu-ld: page_alloc.c:(.text+0x104a): undefined reference to `__kernel_map_pages'"	 
"9de5d235b60a"	 "WARNING"	 "TYPO_SPELLING"	 ""	 ""	 " 'advertisment' may be misspelled - perhaps 'advertisement'?"	 "Fixes: f75abeb8338e ("net: phy: restart phy autonegotiation after EEE advertisment change")"	 
"39572dd33b78"	 "WARNING"	 "NO_AUTHOR_SIGN_OFF"	 ""	 ""	 " Missing Signed-off-by"	 "total: 0 errors	 1 warnings	 7 lines checked"	 
"c226669674c2"	 "WARNING"	 "NO_AUTHOR_SIGN_OFF"	 ""	 ""	 " Missing Signed-off-by"	 "total: 0 errors	 1 warnings	 9 lines checked"	 
"50045c730dbe"	 "WARNING"	 "NO_AUTHOR_SIGN_OFF"	 ""	 ""	 " Missing Signed-off-by"	 "total: 0 errors	 1 warnings	 7 lines checked"	 
"5f450f6713d6"	 "WARNING"	 "NO_AUTHOR_SIGN_OFF"	 ""	 ""	 " Missing Signed-off-by"	 "total: 0 errors	 1 warnings	 8 lines checked"	 
"37486135d3a7"	 "WARNING"	 "COMMIT_LOG_LONG_LINE"	 ""	 ""	 " Possible unwrapped commit description (prefer a maximum 75 chars per line)"	 "host_pkru field to kvm_vcpu_arch.  This will let SVM support protection keys."	 
"18c07d23da5a"	 "WARNING"	 "FILE_PATH_CHANGES"	 ""	 ""	 " added	 moved or deleted file(s)	 does MAINTAINERS need updating?"	 "deleted file mode 100644"	 
"18c07d23da5a"	 "WARNING"	 "LOGGING_CONTINUATION"	 " arch/csky/kernel/stacktrace.c"	 "100"	 " Avoid logging continuation uses where feasible"	 "+	pr_cont("Call Trace:\n");"	 
"0502bee37cde"	 "WARNING"	 "COMMIT_LOG_LONG_LINE"	 ""	 ""	 " Possible unwrapped commit description (prefer a maximum 75 chars per line)"	 "Drop static declaration to fix following build error if FRAME_POINTER disabled	"	 
"59566b0b622e"	 "ERROR"	 "MULTISTATEMENT_MACRO_USE_DO_WHILE"	 " include/linux/ftrace.h"	 "225"	 " Macros with multiple statements should be enclosed in a do - while loop"	 "+#define do_for_each_ftrace_op(op	 list)			\"	 
"59566b0b622e"	 "ERROR"	 "COMPLEX_MACRO"	 " include/linux/ftrace.h"	 "232"	 " Macros with complex values should be enclosed in parentheses"	 "+#define while_for_each_ftrace_op(op)				\"	 
"59566b0b622e"	 "WARNING"	 "COMMIT_LOG_LONG_LINE"	 ""	 ""	 " Possible unwrapped commit description (prefer a maximum 75 chars per line)"	 "command line of both "ftrace=function" and "trace_options=func_stack_trace"."	 
"fb6823a6f980"	 "WARNING"	 "COMMIT_LOG_LONG_LINE"	 ""	 ""	 " Possible unwrapped commit description (prefer a maximum 75 chars per line)"	 "(davinci_mdio_runtime_suspend) from [<c063f2a4>] (__rpm_callback+0x84/0x154)"	 
"24adbc1676af"	 "ERROR"	 "GIT_COMMIT_ID"	 ""	 ""	 " Please use git commit description style 'commit <12+ chars of sha1> ("<title line>")' - ie"	 "c7004482e8dc ("tcp: Respect SO_RCVLOWAT in tcp_poll().")"	 
"b69e2ef24b7b"	 "ERROR"	 "GIT_COMMIT_ID"	 ""	 ""	 " Please use git commit description style 'commit <12+ chars of sha1> ("<title line>")' - ie"	 "Commit 324b494c2862 inlined verifying a new completion with its"	 
"1901b91f9982"	 "WARNING"	 "SPACING"	 " drivers/infiniband/core/cache.c"	 "1556"	 " space prohibited between function name and open parenthesis '('"	 "+	rdma_for_each_port (device	 p) {"	 
"1b94e59d30af"	 "WARNING"	 "BAD_SIGN_OFF"	 ""	 ""	 " Duplicate signature"	 "Signed-off-by: Takashi Iwai <tiwai@suse.de>"	 
"8b1fac2e73e8"	 "WARNING"	 "COMMIT_LOG_LONG_LINE"	 ""	 ""	 " Possible unwrapped commit description (prefer a maximum 75 chars per line)"	 "the kthread_stop() can cause the kthread never to execute and the test never"	 
"9d82ccda2bc5"	 "WARNING"	 "COMMIT_LOG_LONG_LINE"	 ""	 ""	 " Possible unwrapped commit description (prefer a maximum 75 chars per line)"	 "The return of apply_xbc() returns the result of the last write() call	 which"	 
"c410bf01933e"	 "ERROR"	 "SPACING"	 " include/trace/events/rxrpc.h"	 "1124"	 " space prohibited before that close parenthesis ')'"	 "+		    __field(u32				rtt		)"	 
"c410bf01933e"	 "ERROR"	 "SPACING"	 " include/trace/events/rxrpc.h"	 "1125"	 " space prohibited before that close parenthesis ')'"	 "+		    __field(u32				rto		)"	 
"c410bf01933e"	 "WARNING"	 "FUNCTION_ARGUMENTS"	 " include/net/af_rxrpc.h"	 "62"	 " function definition argument 'struct socket *' should also have an identifier name"	 "+u32 rxrpc_kernel_get_srtt(struct socket *	 struct rxrpc_call *);"	 
"c410bf01933e"	 "WARNING"	 "FUNCTION_ARGUMENTS"	 " include/net/af_rxrpc.h"	 "62"	 " function definition argument 'struct rxrpc_call *' should also have an identifier name"	 "+u32 rxrpc_kernel_get_srtt(struct socket *	 struct rxrpc_call *);"	 
"c410bf01933e"	 "WARNING"	 "NETWORKING_BLOCK_COMMENT_STYLE"	 " net/rxrpc/ar-internal.h"	 "1107"	 " networking block comments don't use an empty /* line	 use /* Comment..."	 "+/*"	 
"c410bf01933e"	 "WARNING"	 "FUNCTION_ARGUMENTS"	 " net/rxrpc/ar-internal.h"	 "1109"	 " function definition argument 'struct rxrpc_call *' should also have an identifier name"	 "+void rxrpc_peer_add_rtt(struct rxrpc_call *	 enum rxrpc_rtt_rx_trace	"	 
"c410bf01933e"	 "WARNING"	 "FUNCTION_ARGUMENTS"	 " net/rxrpc/ar-internal.h"	 "1109"	 " function definition argument 'rxrpc_serial_t' should also have an identifier name"	 "+void rxrpc_peer_add_rtt(struct rxrpc_call *	 enum rxrpc_rtt_rx_trace	"	 
"c410bf01933e"	 "WARNING"	 "FUNCTION_ARGUMENTS"	 " net/rxrpc/ar-internal.h"	 "1109"	 " function definition argument 'rxrpc_serial_t' should also have an identifier name"	 "+void rxrpc_peer_add_rtt(struct rxrpc_call *	 enum rxrpc_rtt_rx_trace	"	 
"c410bf01933e"	 "WARNING"	 "FUNCTION_ARGUMENTS"	 " net/rxrpc/ar-internal.h"	 "1109"	 " function definition argument 'ktime_t' should also have an identifier name"	 "+void rxrpc_peer_add_rtt(struct rxrpc_call *	 enum rxrpc_rtt_rx_trace	"	 
"c410bf01933e"	 "WARNING"	 "FUNCTION_ARGUMENTS"	 " net/rxrpc/ar-internal.h"	 "1109"	 " function definition argument 'ktime_t' should also have an identifier name"	 "+void rxrpc_peer_add_rtt(struct rxrpc_call *	 enum rxrpc_rtt_rx_trace	"	 
"c410bf01933e"	 "WARNING"	 "FUNCTION_ARGUMENTS"	 " net/rxrpc/ar-internal.h"	 "1111"	 " function definition argument 'struct rxrpc_peer *' should also have an identifier name"	 "+unsigned long rxrpc_get_rto_backoff(struct rxrpc_peer *	 bool);"	 
"c410bf01933e"	 "WARNING"	 "FUNCTION_ARGUMENTS"	 " net/rxrpc/ar-internal.h"	 "1111"	 " function definition argument 'bool' should also have an identifier name"	 "+unsigned long rxrpc_get_rto_backoff(struct rxrpc_peer *	 bool);"	 
"c410bf01933e"	 "WARNING"	 "FUNCTION_ARGUMENTS"	 " net/rxrpc/ar-internal.h"	 "1112"	 " function definition argument 'struct rxrpc_peer *' should also have an identifier name"	 "+void rxrpc_peer_init_rtt(struct rxrpc_peer *);"	 
"c410bf01933e"	 "WARNING"	 "SPLIT_STRING"	 " net/rxrpc/proc.c"	 "225"	 " quoted string split across lines"	 " 			 " Remote                                         ""	 
"c410bf01933e"	 "WARNING"	 "SPLIT_STRING"	 " net/rxrpc/proc.c"	 "239"	 " quoted string split across lines"	 " 		   "UDP   %-47.47s %-47.47s %3u""	 
"c410bf01933e"	 "WARNING"	 "FILE_PATH_CHANGES"	 ""	 ""	 " added	 moved or deleted file(s)	 does MAINTAINERS need updating?"	 "new file mode 100644"	 
"c410bf01933e"	 "WARNING"	 "UNSPECIFIED_INT"	 " net/rxrpc/rtt.c"	 "14"	 " Prefer 'unsigned int' to bare use of 'unsigned'"	 "+#define RXRPC_RTO_MAX	((unsigned)(120 * HZ))"	 
"c410bf01933e"	 "WARNING"	 "UNSPECIFIED_INT"	 " net/rxrpc/rtt.c"	 "15"	 " Prefer 'unsigned int' to bare use of 'unsigned'"	 "+#define RXRPC_TIMEOUT_INIT ((unsigned)(1*HZ))	/* RFC6298 2.1 initial RTO value	*/"	 
"c410bf01933e"	 "WARNING"	 "NETWORKING_BLOCK_COMMENT_STYLE"	 " net/rxrpc/rtt.c"	 "35"	 " networking block comments don't use an empty /* line	 use /* Comment..."	 "+/*"	 
"c410bf01933e"	 "WARNING"	 "NETWORKING_BLOCK_COMMENT_STYLE"	 " net/rxrpc/rtt.c"	 "103"	 " networking block comments don't use an empty /* line	 use /* Comment..."	 "+/*"	 
"c410bf01933e"	 "WARNING"	 "NETWORKING_BLOCK_COMMENT_STYLE"	 " net/rxrpc/rtt.c"	 "145"	 " networking block comments don't use an empty /* line	 use /* Comment..."	 "+/*"	 
"c410bf01933e"	 "WARNING"	 "NETWORKING_BLOCK_COMMENT_STYLE"	 " net/rxrpc/rtt.c"	 "170"	 " networking block comments don't use an empty /* line	 use /* Comment..."	 "+/*"	 
"72a7a9925e2b"	 "WARNING"	 "BLOCK_COMMENT_STYLE"	 " drivers/gpu/drm/i915/gvt/scheduler.c"	 "383"	 " Block comments use * on subsequent lines"	 "+			/* skip now as current i915 ppgtt alloc won't allocate"	 
"72a7a9925e2b"	 "WARNING"	 "BLOCK_COMMENT_STYLE"	 " drivers/gpu/drm/i915/gvt/scheduler.c"	 "384"	 " Block comments use a trailing */ on a separate line"	 "+			   shadow ppgtt. */"	 
"2ef96a5bb12b"	 "ERROR"	 "MISSING_SIGN_OFF"	 ""	 ""	 " Missing Signed-off-by"	 "total: 1 errors	 1 warnings	 8 lines checked"	 
"2ef96a5bb12b"	 "WARNING"	 "COMMIT_MESSAGE"	 ""	 ""	 " Missing commit description - Add an appropriate one"	 "ERROR:MISSING_SIGN_OFF: Missing Signed-off-by: line(s)"	 
"14425f1f521f"	 "WARNING"	 "LONG_LINE"	 " sound/pci/hda/patch_realtek.c"	 "7437"	 " line length of 124 exceeds 100 columns"	 "+	SND_PCI_QUIRK(0x144d	 0xc169	 "Samsung Notebook 9 Pen (NP930SBE-K01US)"	 ALC298_FIXUP_SAMSUNG_HEADPHONE_VERY_QUIET)	"	 
"14425f1f521f"	 "WARNING"	 "LONG_LINE"	 " sound/pci/hda/patch_realtek.c"	 "7438"	 " line length of 124 exceeds 100 columns"	 "+	SND_PCI_QUIRK(0x144d	 0xc176	 "Samsung Notebook 9 Pro (NP930MBE-K04US)"	 ALC298_FIXUP_SAMSUNG_HEADPHONE_VERY_QUIET)	"	 
"e99332e7b4cd"	 "WARNING"	 "COMMIT_LOG_LONG_LINE"	 ""	 ""	 " Possible unwrapped commit description (prefer a maximum 75 chars per line)"	 "   Section mismatch in reference from the function kexec_free_initrd() to the function .init.text:free_initrd_mem()"	 
"99352c79af3e"	 "WARNING"	 "COMMIT_LOG_LONG_LINE"	 ""	 ""	 " Possible unwrapped commit description (prefer a maximum 75 chars per line)"	 "x86_64-linux-ld: drivers/net/ethernet/freescale/gianfar.o:(.rodata+0x418): undefined reference to `fixed_phy_change_carrier'"	 
"95cd7dc47abd"	 "WARNING"	 "COMMIT_LOG_LONG_LINE"	 ""	 ""	 " Possible unwrapped commit description (prefer a maximum 75 chars per line)"	 "Unable to handle kernel read from unreadable memory at virtual address 0000000000000008"	 
"7bb0c5338436"	 "WARNING"	 "COMMIT_LOG_LONG_LINE"	 ""	 ""	 " Possible unwrapped commit description (prefer a maximum 75 chars per line)"	 "continually on an NFS share covered by fscache triggered this problem within"	 
"626bf90fe03f"	 "WARNING"	 "LONG_LINE"	 " drivers/gpu/drm/amd/display/amdgpu_dm/amdgpu_dm.c"	 "7879"	 " line length of 107 exceeds 100 columns"	 "+							 new_plane_state->crtc_w	 new_plane_state->crtc_h);"	 
"626bf90fe03f"	 "WARNING"	 "LONG_LINE"	 " drivers/gpu/drm/amd/display/amdgpu_dm/amdgpu_dm.c"	 "7886"	 " line length of 107 exceeds 100 columns"	 "+							 new_plane_state->crtc_x	 new_plane_state->crtc_y);"	 
"2346ef47e871"	 "WARNING"	 "TYPO_SPELLING"	 ""	 ""	 " 'betweeen' may be misspelled - perhaps 'between'?"	 "difference betweeen VSTARTUP and VUPDATE - the VUPDATE signal can be"	 
"2346ef47e871"	 "WARNING"	 "BAD_SIGN_OFF"	 ""	 ""	 " 'Reviewed-and-tested-by"	 "Reviewed-and-Tested-by: Mario Kleiner <mario.kleiner.de@gmail.com>"	 
"2346ef47e871"	 "WARNING"	 "LONG_LINE"	 " drivers/gpu/drm/amd/display/amdgpu_dm/amdgpu_dm.c"	 "2407"	 " line length of 101 exceeds 100 columns"	 "+	     i <= DCN_1_0__SRCID__OTG0_IHC_V_UPDATE_NO_LOCK_INTERRUPT + adev->mode_info.num_crtc - 1;"	 
"2346ef47e871"	 "WARNING"	 "LONG_LINE"	 " drivers/gpu/drm/amd/display/amdgpu_dm/amdgpu_dm.c"	 "2420"	 " line length of 104 exceeds 100 columns"	 "+		c_irq_params = &adev->dm.vupdate_params[int_params.irq_source - DC_IRQ_SOURCE_VUPDATE1];"	 
"b14c94908b1b"	 "ERROR"	 "GIT_COMMIT_ID"	 ""	 ""	 " Please use git commit description style 'commit <12+ chars of sha1> ("<title line>")' - ie"	 "This patch fixes a regression: patch df5db5f9ee112 allowed function"	 
"bff1a6112b09"	 "WARNING"	 "UNSPECIFIED_INT"	 " drivers/gpu/drm/amd/amdgpu/gfx_v10_0.c"	 "4918"	 " Prefer 'unsigned int' to bare use of 'unsigned'"	 "+					 unsigned vmid)"	 
"2297ab6144c2"	 "WARNING"	 "COMMIT_LOG_LONG_LINE"	 ""	 ""	 " Possible unwrapped commit description (prefer a maximum 75 chars per line)"	 "This patch fixes a couple of places in which gfs2_qa_get and gfs2_qa_put are"	 
"aa83da7f47b2"	 "WARNING"	 "COMMIT_LOG_LONG_LINE"	 ""	 ""	 " Possible unwrapped commit description (prefer a maximum 75 chars per line)"	 "check if the block number is consecutive	 which leads to incorrect reads for"	 
"566a2ab3c900"	 "WARNING"	 "COMMIT_LOG_LONG_LINE"	 ""	 ""	 " Possible unwrapped commit description (prefer a maximum 75 chars per line)"	 "Make sure we don't walk past the end of the metadata in gfs2_walk_metadata: the"	 
"45981dedf555"	 "WARNING"	 "AVOID_EXTERNS"	 " tools/testing/selftests/kvm/x86_64/debug_regs.c"	 "20"	 " externs should be avoided in .c files"	 "+extern unsigned char sw_bp	 hw_bp	 write_data	 ss_start	 bd_start;"	 
"45981dedf555"	 "WARNING"	 "SPLIT_STRING"	 " tools/testing/selftests/kvm/x86_64/debug_regs.c"	 "185"	 " quoted string split across lines"	 "+			    "DR7.GD: exit %d exception %d rip 0x%llx ""	 
"d67668e9dd76"	 "WARNING"	 "COMMIT_LOG_LONG_LINE"	 ""	 ""	 " Possible unwrapped commit description (prefer a maximum 75 chars per line)"	 "On AMD	 instead the DR6 field of the VMCB is filled in as if the #DB exception"	 
"d67668e9dd76"	 "WARNING"	 "LINE_SPACING"	 " arch/x86/kvm/svm/svm.c"	 "1743"	 " Missing a blank line after declarations"	 "+		u32 payload = (svm->vmcb->save.dr6 ^ DR6_RTM) & ~DR6_FIXED_1;"	 
"17e34526f0a8"	 "WARNING"	 "NO_AUTHOR_SIGN_OFF"	 ""	 ""	 " Missing Signed-off-by"	 "total: 0 errors	 1 warnings	 7 lines checked"	 
"474328c06e3e"	 "ERROR"	 "TRAILING_STATEMENTS"	 " tools/testing/selftests/filesystems/epoll/epoll_wakeup_test.c"	 "3173"	 " trailing statements should be on next line"	 "+		while (__atomic_load_n(&ctx->ready	 __ATOMIC_ACQUIRE) &&"	 
"474328c06e3e"	 "WARNING"	 "COMMIT_LOG_LONG_LINE"	 ""	 ""	 " Possible unwrapped commit description (prefer a maximum 75 chars per line)"	 "  5a2513239750 ("eventpoll: fix missing wakeup for ovflist in ep_poll_callback")"	 
"474328c06e3e"	 "WARNING"	 "VOLATILE"	 " tools/testing/selftests/filesystems/epoll/epoll_wakeup_test.c"	 "3145"	 " Use of volatile is usually wrong"	 "+	volatile int stopped;"	 
"28307d938fb2"	 "WARNING"	 "COMMIT_LOG_LONG_LINE"	 ""	 ""	 " Possible unwrapped commit description (prefer a maximum 75 chars per line)"	 "  Hardware name: QEMU Standard PC (i440FX + PIIX	 1996)	 BIOS rel-1.12.0-0-ga698c8995f-prebuilt.qemu.org 04/01/2014"	 
"cbfc35a48609"	 "WARNING"	 "COMMIT_LOG_LONG_LINE"	 ""	 ""	 " Possible unwrapped commit description (prefer a maximum 75 chars per line)"	 "  ============================================================================="	 
"0c54a6a44bf3"	 "ERROR"	 "GIT_COMMIT_ID"	 ""	 ""	 " Please use git commit description style 'commit <12+ chars of sha1> ("<title line>")' - ie"	 "339ddb53d373 and upon manual inspection	 this wakeup seemed missing to me."	 
"0c54a6a44bf3"	 "WARNING"	 "COMMIT_LOG_LONG_LINE"	 ""	 ""	 " Possible unwrapped commit description (prefer a maximum 75 chars per line)"	 "[khazhy@google.com: use if/elif instead of goto + cleanup suggested by Roman]"	 
"e08df079b23e"	 "WARNING"	 "COMMIT_LOG_LONG_LINE"	 ""	 ""	 " Possible unwrapped commit description (prefer a maximum 75 chars per line)"	 "	2b:   65 48 0f c7 0f          cmpxchg16b %gs:*(%rdi)          <-- trapping instruction"	 
"324cfb19567c"	 "WARNING"	 "COMMIT_MESSAGE"	 ""	 ""	 " Missing commit description - Add an appropriate one"	 "total: 0 errors	 1 warnings	 10 lines checked"	 
"e84fe99b68ce"	 "WARNING"	 "COMMIT_LOG_LONG_LINE"	 ""	 ""	 " Possible unwrapped commit description (prefer a maximum 75 chars per line)"	 "  Hardware name: Red Hat KVM	 BIOS 1.11.1-4.module+el8.1.0+4066+0f1aadab 04/01/2014"	 
"b5f2006144c6"	 "WARNING"	 "COMMIT_LOG_LONG_LINE"	 ""	 ""	 " Possible unwrapped commit description (prefer a maximum 75 chars per line)"	 "[manfred@colorfullife.com: 1) Add self_exec_id evaluation so that the implementation matches do_notify_parent 2) use PIDTYPE_TGID everywhere]"	 
"dd912306ff00"	 "ERROR"	 "GIT_COMMIT_ID"	 ""	 ""	 " Please use git commit description style 'commit <12+ chars of sha1> ("<title line>")' - ie"	 "Commit 17b85d29e82c intentionally lets __netdev_update_features()"	 
"1f13aa4d5194"	 "ERROR"	 "GIT_COMMIT_ID"	 ""	 ""	 " Please use git commit description style 'commit <12+ chars of sha1> ("<title line>")' - ie"	 "While this commit has been reverted in commit a0cba2179ea4c182 ("Revert"	 
"1f13aa4d5194"	 "WARNING"	 "COMMIT_LOG_LONG_LINE"	 ""	 ""	 " Possible unwrapped commit description (prefer a maximum 75 chars per line)"	 "    -hw-breakpoint: found 5 (+1 reserved) breakpoint and 4 watchpoint registers."	 
"11f5efc3ab66"	 "WARNING"	 "COMMIT_LOG_LONG_LINE"	 ""	 ""	 " Possible unwrapped commit description (prefer a maximum 75 chars per line)"	 "x86_64 lazily maps in the vmalloc pages	 and the way this works with per_cpu"	 
"2c19dba6803b"	 "WARNING"	 "COMMIT_MESSAGE"	 ""	 ""	 " Missing commit description - Add an appropriate one"	 "total: 0 errors	 1 warnings	 20 lines checked"	 
"449aa906e67e"	 "WARNING"	 "COMMIT_LOG_LONG_LINE"	 ""	 ""	 " Possible unwrapped commit description (prefer a maximum 75 chars per line)"	 "Covers fundamental tests for KVM_SET_GUEST_DEBUG. It is very close to the debug"	 
"449aa906e67e"	 "WARNING"	 "FILE_PATH_CHANGES"	 ""	 ""	 " added	 moved or deleted file(s)	 does MAINTAINERS need updating?"	 "new file mode 100644"	 
"449aa906e67e"	 "WARNING"	 "AVOID_EXTERNS"	 " tools/testing/selftests/kvm/x86_64/debug_regs.c"	 "17"	 " externs should be avoided in .c files"	 "+extern unsigned char sw_bp	 hw_bp	 write_data	 ss_start;"	 
"449aa906e67e"	 "WARNING"	 "SPLIT_STRING"	 " tools/testing/selftests/kvm/x86_64/debug_regs.c"	 "40"	 " quoted string split across lines"	 "+	asm volatile("ss_start: ""	 
"449aa906e67e"	 "WARNING"	 "TRAILING_SEMICOLON"	 " tools/testing/selftests/kvm/x86_64/debug_regs.c"	 "57"	 " macros should not use a trailing semicolon"	 "+#define  MOVE_RIP(v)  SET_RIP(regs.rip + (v));"	 
"449aa906e67e"	 "WARNING"	 "SPLIT_STRING"	 " tools/testing/selftests/kvm/x86_64/debug_regs.c"	 "113"	 " quoted string split across lines"	 "+			    "INS_HW_BP (DR%d): exit %d exception %d rip 0x%llx ""	 
"449aa906e67e"	 "WARNING"	 "SPLIT_STRING"	 " tools/testing/selftests/kvm/x86_64/debug_regs.c"	 "136"	 " quoted string split across lines"	 "+			    "DATA_HW_BP (DR%d): exit %d exception %d rip 0x%llx ""	 
"449aa906e67e"	 "WARNING"	 "ARRAY_SIZE"	 " tools/testing/selftests/kvm/x86_64/debug_regs.c"	 "150"	 " Prefer ARRAY_SIZE(ss_size)"	 "+	for (i = 0; i < (sizeof(ss_size) / sizeof(ss_size[0])); i++) {"	 
"449aa906e67e"	 "WARNING"	 "SPLIT_STRING"	 " tools/testing/selftests/kvm/x86_64/debug_regs.c"	 "162"	 " quoted string split across lines"	 "+			    "SINGLE_STEP[%d]: exit %d exception %d rip 0x%llx ""	 
"d5d260c5ffad"	 "WARNING"	 "COMMIT_LOG_LONG_LINE"	 ""	 ""	 " Possible unwrapped commit description (prefer a maximum 75 chars per line)"	 "When single-step triggered with KVM_SET_GUEST_DEBUG	 we should fill in the pc"	 
"4d5523cfd5d2"	 "WARNING"	 "UNSPECIFIED_INT"	 " arch/x86/include/asm/kvm_host.h"	 "1452"	 " Prefer 'unsigned int' to bare use of 'unsigned'"	 "+void kvm_queue_exception_p(struct kvm_vcpu *vcpu	 unsigned nr	 unsigned long payload);"	 
"4d5523cfd5d2"	 "WARNING"	 "UNSPECIFIED_INT"	 " arch/x86/kvm/x86.c"	 "577"	 " Prefer 'unsigned int' to bare use of 'unsigned'"	 "+void kvm_queue_exception_p(struct kvm_vcpu *vcpu	 unsigned nr	"	 
"b9b2782cd55a"	 "WARNING"	 "COMMIT_LOG_LONG_LINE"	 ""	 ""	 " Possible unwrapped commit description (prefer a maximum 75 chars per line)"	 "KVM_CAP_SET_GUEST_DEBUG should be supported for x86 however it's not declared"	 
"027d0c7101f5"	 "WARNING"	 "COMMIT_LOG_LONG_LINE"	 ""	 ""	 " Possible unwrapped commit description (prefer a maximum 75 chars per line)"	 "	 ./arch/arm64/include/asm/pgtable-types.h:28:24: warning: dereference of NULL ‘pmdp’ [CWE-690] [-Wanalyzer-null-dereference]"	 
"4fed818ef54b"	 "WARNING"	 "TYPO_SPELLING"	 ""	 ""	 " 'initalize' may be misspelled - perhaps 'initialize'?"	 "Subject: [PATCH] wireguard: selftests: initalize ipv6 members to NULL to"	 
"b673e24aad36"	 "WARNING"	 "LONG_LINE"	 " tools/testing/selftests/wireguard/netns.sh"	 "245"	 " line length of 130 exceeds 100 columns"	 "+n1 wg set wg0 private-key <(echo "$key1") peer "$pub2" preshared-key <(echo "$psk") allowed-ips fd00::5:2/128 endpoint 127.0.0.1:2"	 
"b673e24aad36"	 "WARNING"	 "LONG_LINE"	 " tools/testing/selftests/wireguard/netns.sh"	 "246"	 " line length of 152 exceeds 100 columns"	 "+n2 wg set wg0 private-key <(echo "$key2") listen-port 2 peer "$pub1" preshared-key <(echo "$psk") allowed-ips fd00::5:1/128 endpoint 127.212.121.99:9998"	 
"b673e24aad36"	 "WARNING"	 "LONG_LINE"	 " tools/testing/selftests/wireguard/netns.sh"	 "255"	 " line length of 132 exceeds 100 columns"	 "+n1 wg set wg1 listen-port 5 private-key <(echo "$key3") peer "$pub4" allowed-ips 192.168.241.2/32	fd00::2/128 endpoint [fd00::5:2]:5"	 
"b673e24aad36"	 "WARNING"	 "LONG_LINE"	 " tools/testing/selftests/wireguard/netns.sh"	 "256"	 " line length of 132 exceeds 100 columns"	 "+n2 wg set wg1 listen-port 5 private-key <(echo "$key4") peer "$pub3" allowed-ips 192.168.241.1/32	fd00::1/128 endpoint [fd00::5:1]:5"	 
"0cb7498f234e"	 "WARNING"	 "COMMIT_LOG_LONG_LINE"	 ""	 ""	 " Possible unwrapped commit description (prefer a maximum 75 chars per line)"	 "The Segment Routing Header (SRH) which defines the SRv6 dataplane is defined"	 
"47bf7b7a7151"	 "WARNING"	 "COMMIT_LOG_LONG_LINE"	 ""	 ""	 " Possible unwrapped commit description (prefer a maximum 75 chars per line)"	 "<4> [139.942851] WARN_ON(debug_locks && !lock_is_held(&(&((obj)->base.resv)->lock.base)->dep_map))"	 
"da0f1f4167e3"	 "WARNING"	 "COMMIT_LOG_LONG_LINE"	 ""	 ""	 " Possible unwrapped commit description (prefer a maximum 75 chars per line)"	 "  trace_boot: Failed to add probe: p:kprobes/myevent (null)  vfs_read $arg1 $arg2  vfs_write $arg1 $arg2"	 
"495907ec36de"	 "WARNING"	 "COMMIT_LOG_LONG_LINE"	 ""	 ""	 " Possible unwrapped commit description (prefer a maximum 75 chars per line)"	 "KVM_CAP_SET_GUEST_DEBUG should be supported for x86 however it's not declared"	 
"8ffdaf9155eb"	 "WARNING"	 "COMMIT_LOG_LONG_LINE"	 ""	 ""	 " Possible unwrapped commit description (prefer a maximum 75 chars per line)"	 "/usr/bin/ld: /home/xz/git/linux/tools/testing/selftests/kvm/libkvm.a(vmx.o):/home/xz/git/linux/tools/testing/selftests/kvm/include/evmcs.h:222: multiple definition of `current_evmcs'; /tmp/cco1G48P.o:/home/xz/git/linux/tools/testing/selftests/kvm/include/evmcs.h:222: first defined here"	 
"8ffdaf9155eb"	 "WARNING"	 "USE_RELATIVE_PATH"	 ""	 ""	 " use relative pathname instead of absolute in changelog text"	 "/usr/bin/ld: /home/xz/git/linux/tools/testing/selftests/kvm/libkvm.a(vmx.o):/home/xz/git/linux/tools/testing/selftests/kvm/include/evmcs.h:222: multiple definition of `current_evmcs'; /tmp/cco1G48P.o:/home/xz/git/linux/tools/testing/selftests/kvm/include/evmcs.h:222: first defined here"	 
"8ffdaf9155eb"	 "WARNING"	 "USE_RELATIVE_PATH"	 ""	 ""	 " use relative pathname instead of absolute in changelog text"	 "/usr/bin/ld: /home/xz/git/linux/tools/testing/selftests/kvm/libkvm.a(vmx.o):/home/xz/git/linux/tools/testing/selftests/kvm/include/evmcs.h:222: multiple definition of `current_evmcs'; /tmp/cco1G48P.o:/home/xz/git/linux/tools/testing/selftests/kvm/include/evmcs.h:222: first defined here"	 
"8ffdaf9155eb"	 "WARNING"	 "USE_RELATIVE_PATH"	 ""	 ""	 " use relative pathname instead of absolute in changelog text"	 "/usr/bin/ld: /home/xz/git/linux/tools/testing/selftests/kvm/libkvm.a(vmx.o):/home/xz/git/linux/tools/testing/selftests/kvm/include/evmcs.h:223: multiple definition of `current_vp_assist'; /tmp/cco1G48P.o:/home/xz/git/linux/tools/testing/selftests/kvm/include/evmcs.h:223: first defined here"	 
"8ffdaf9155eb"	 "WARNING"	 "USE_RELATIVE_PATH"	 ""	 ""	 " use relative pathname instead of absolute in changelog text"	 "/usr/bin/ld: /home/xz/git/linux/tools/testing/selftests/kvm/libkvm.a(vmx.o):/home/xz/git/linux/tools/testing/selftests/kvm/include/evmcs.h:223: multiple definition of `current_vp_assist'; /tmp/cco1G48P.o:/home/xz/git/linux/tools/testing/selftests/kvm/include/evmcs.h:223: first defined here"	 
"27abe57770ff"	 "WARNING"	 "FILE_PATH_CHANGES"	 ""	 ""	 " added	 moved or deleted file(s)	 does MAINTAINERS need updating?"	 "new file mode 100644"	 
"27abe57770ff"	 "WARNING"	 "SPDX_LICENSE_TAG"	 " Documentation/virt/kvm/running-nested-guests.rst"	 "1"	 " Missing or malformed SPDX-License-Identifier tag in line 1"	 "+=============================="	 
"27abe57770ff"	 "WARNING"	 "TYPO_SPELLING"	 " Documentation/virt/kvm/running-nested-guests.rst"	 "170"	 " 'paramter' may be misspelled - perhaps 'parameter'?"	 "+          with the ``nested`` paramter — i.e. to be able to enable"	 
"38212bb31fe9"	 "WARNING"	 "COMMIT_LOG_LONG_LINE"	 ""	 ""	 " Possible unwrapped commit description (prefer a maximum 75 chars per line)"	 "When a new neighbor entry has been added	 event is generated but it does not"	 
"b95e51eb9f2e"	 "WARNING"	 "LONG_LINE"	 " drivers/gpu/drm/amd/display/dc/dml/dcn21/display_rq_dlg_calc_21.c"	 "1525"	 " line length of 168 exceeds 100 columns"	 "+	disp_dlg_regs->refcyc_per_vm_req_vblank     = get_refcyc_per_vm_req_vblank(mode_lib	 e2e_pipe_param	 num_pipes	 pipe_idx) * refclk_freq_in_mhz * dml_pow(2	 10);"	 
"b95e51eb9f2e"	 "WARNING"	 "LONG_LINE"	 " drivers/gpu/drm/amd/display/dc/dml/dcn21/display_rq_dlg_calc_21.c"	 "1526"	 " line length of 166 exceeds 100 columns"	 "+	disp_dlg_regs->refcyc_per_vm_req_flip       = get_refcyc_per_vm_req_flip(mode_lib	 e2e_pipe_param	 num_pipes	 pipe_idx) * refclk_freq_in_mhz * dml_pow(2	 10);"	 
"7f13657d1413"	 "WARNING"	 "UNSPECIFIED_INT"	 " fs/io_uring.c"	 "7763"	 " Prefer 'unsigned int' to bare use of 'unsigned'"	 "+static int io_uring_create(unsigned entries	 struct io_uring_params *p	"	 
"5fe89a6acd66"	 "ERROR"	 "GIT_COMMIT_ID"	 ""	 ""	 " Please use git commit description style 'commit <12+ chars of sha1> ("<title line>")' - ie"	 "The SRM cleanup in 79643fddd6eb2 ("drm/hdcp: optimizing the srm"	 
"5fe89a6acd66"	 "WARNING"	 "BAD_SIGN_OFF"	 ""	 ""	 " Duplicate signature"	 "Reviewed-by: Ramalingam C <ramalingam.c@intel.com>"	 
"30fa60c678ea"	 "WARNING"	 "COMMIT_LOG_LONG_LINE"	 ""	 ""	 " Possible unwrapped commit description (prefer a maximum 75 chars per line)"	 "The wlan on droid4 is flakey on some devices	 and experiments have shown this"	 
"0b80f9866e6b"	 "WARNING"	 "COMMIT_LOG_LONG_LINE"	 ""	 ""	 " Possible unwrapped commit description (prefer a maximum 75 chars per line)"	 "active iocgs are processed by the periodic timer	 which ensures that as time"	 
"0b80f9866e6b"	 "WARNING"	 "WAITQUEUE_ACTIVE"	 " block/blk-iocost.c"	 "1377"	 " waitqueue_active without comment"	 "+		if (!waitqueue_active(&iocg->waitq) && iocg->abs_vdebt &&"	 
"0b80f9866e6b"	 "WARNING"	 "WAITQUEUE_ACTIVE"	 " block/blk-iocost.c"	 "1383"	 " waitqueue_active without comment"	 "+		if (waitqueue_active(&iocg->waitq) 		 iocg->abs_vdebt) {"	 
"0b80f9866e6b"	 "WARNING"	 "WAITQUEUE_ACTIVE"	 " block/blk-iocost.c"	 "1726"	 " waitqueue_active without comment"	 "+	if (!waitqueue_active(&iocg->waitq) && !iocg->abs_vdebt &&"	 
"119b2b2c3e25"	 "WARNING"	 "BAD_SIGN_OFF"	 ""	 ""	 " Duplicate signature"	 "Signed-off-by: Joerg Roedel <jroedel@suse.de>"	 
"19c6978fba68"	 "WARNING"	 "BAD_SIGN_OFF"	 ""	 ""	 " Duplicate signature"	 "Signed-off-by: Joerg Roedel <jroedel@suse.de>"	 
"f44a4d7e4f1c"	 "WARNING"	 "BAD_SIGN_OFF"	 ""	 ""	 " Duplicate signature"	 "Signed-off-by: Joerg Roedel <jroedel@suse.de>"	 
"5b8a9a047b6c"	 "WARNING"	 "BAD_SIGN_OFF"	 ""	 ""	 " Duplicate signature"	 "Signed-off-by: Joerg Roedel <jroedel@suse.de>"	 
"eb791aa70b90"	 "WARNING"	 "BAD_SIGN_OFF"	 ""	 ""	 " Duplicate signature"	 "Signed-off-by: Joerg Roedel <jroedel@suse.de>"	 
"eb791aa70b90"	 "WARNING"	 "AVOID_BUG"	 " drivers/iommu/amd_iommu.c"	 "1427"	 " Avoid crashing the kernel - try using WARN_ON & recovery code rather than BUG() or BUG_ON()"	 "+	BUG_ON(pgtable.mode < PAGE_MODE_NONE 		"	 
"01f259f3720c"	 "WARNING"	 "COMMIT_LOG_LONG_LINE"	 ""	 ""	 " Possible unwrapped commit description (prefer a maximum 75 chars per line)"	 "  654 	 static void pmc_core_lpm_display(struct pmc_dev *pmcdev	 struct device *dev	"	 
"ac854131d984"	 "WARNING"	 "COMMIT_LOG_LONG_LINE"	 ""	 ""	 " Possible unwrapped commit description (prefer a maximum 75 chars per line)"	 "Reported-and-tested-by: syzbot+db339689b2101f6f6071@syzkaller.appspotmail.com"	 
"5615e74f48dc"	 "WARNING"	 "BAD_SIGN_OFF"	 ""	 ""	 " Duplicate signature"	 "Signed-off-by: Christian Borntraeger <borntraeger@de.ibm.com>"	 
"0a9f2a6161dc"	 "WARNING"	 "FILE_PATH_CHANGES"	 ""	 ""	 " added	 moved or deleted file(s)	 does MAINTAINERS need updating?"	 "new file mode 100644"	 
"c749bb2d5548"	 "WARNING"	 "COMMIT_LOG_LONG_LINE"	 ""	 ""	 " Possible unwrapped commit description (prefer a maximum 75 chars per line)"	 " stress-ng: debug: [109] cache allocate: reducing cache level from L3 (too high) to L0"	 
"a7df4870d79b"	 "ERROR"	 "GIT_COMMIT_ID"	 ""	 ""	 " Please use git commit description style 'commit <12+ chars of sha1> ("<title line>")' - ie"	 "edf6711c9840 ("net: sched: remove classid and q fields from tcf_proto")"	 
"82152d424b6c"	 "WARNING"	 "LONG_LINE_STRING"	 " drivers/gpu/drm/i915/display/intel_fbc.c"	 "488"	 " line length of 195 exceeds 100 columns"	 "+		DRM_INFO_ONCE("Reducing the compressed framebuffer size. This may lead to less power savings than a non-reduced-size. Try to increase stolen memory size if available in BIOS.\n");"	 
"421abe200321"	 "ERROR"	 "GIT_COMMIT_ID"	 ""	 ""	 " Please use git commit description style 'commit <12+ chars of sha1> ("<title line>")' - ie"	 "In commit 5a7d202b1574	 a logical AND was erroneously changed to an OR	"	 
"30523408c023"	 "WARNING"	 "COMMIT_LOG_LONG_LINE"	 ""	 ""	 " Possible unwrapped commit description (prefer a maximum 75 chars per line)"	 "<3>[  219.782944] BUG: KASAN: use-after-free in intel_engine_coredump_alloc+0x1bc3/0x2250 [i915]"	 
"3a5ccecd9af7"	 "WARNING"	 "TYPO_SPELLING"	 ""	 ""	 " 'maintainance' may be misspelled - perhaps 'maintenance'?"	 "Jeff	 Ilya	 and Dongsheng are doing all of the Ceph maintainance"	 
"3a5ccecd9af7"	 "WARNING"	 "NO_AUTHOR_SIGN_OFF"	 ""	 ""	 " Missing Signed-off-by"	 "total: 0 errors	 2 warnings	 35 lines checked"	 
"86f8b1c01a0a"	 "ERROR"	 "GIT_COMMIT_ID"	 ""	 ""	 " Please use git commit description style 'commit <12+ chars of sha1> ("<title line>")' - ie"	 "Prior to 1d27732f411d ("net: dsa: setup and teardown ports")	 we would"	 
"86f8b1c01a0a"	 "WARNING"	 "TYPO_SPELLING"	 ""	 ""	 " 'an user' may be misspelled - perhaps 'a user'?"	 "not treat failures to set-up an user port as fatal	 but after this"	 
"0fa8263367db"	 "WARNING"	 "BAD_SIGN_OFF"	 ""	 ""	 " 'Reported-and-tested-by"	 "Reported-and-Tested-by: Eduard Shishkin <edward6@linux.ibm.com>"	 
"2ae11c46d5fd"	 "ERROR"	 "GIT_COMMIT_ID"	 ""	 ""	 " Please use git commit description style 'commit <12+ chars of sha1> ("<title line>")' - ie"	 "The commit 18cc7ac8a28e ("Revert "serial: uartps: Register own uart console"	 
"8be8f932e3db"	 "WARNING"	 "COMMIT_LOG_LONG_LINE"	 ""	 ""	 " Possible unwrapped commit description (prefer a maximum 75 chars per line)"	 "and then low.  Fortunately	 in the case of level-triggered interrupts the VMEXIT already happens because"	 
"dee919d15dcf"	 "ERROR"	 "GIT_COMMIT_ID"	 ""	 ""	 " Please use git commit description style 'commit <12+ chars of sha1> ("<title line>")' - ie"	 "The corresponding code was added for VMX in commit 42dbaa5a057"	 
"f9336e328188"	 "WARNING"	 "AVOID_BUG"	 " arch/x86/kvm/vmx/nested.c"	 "5168"	 " Avoid crashing the kernel - try using WARN_ON & recovery code rather than BUG() or BUG_ON()"	 "+		BUG();"	 
"29ee412bb709"	 "WARNING"	 "TYPO_SPELLING"	 ""	 ""	 " 'ment' may be misspelled - perhaps 'meant'?"	 "Acked-by: Clément Péron <peron.clem@gmail.com>"	 
"1e189f267015"	 "WARNING"	 "LONG_LINE"	 " drivers/hid/hid-quirks.c"	 "166"	 " line length of 114 exceeds 100 columns"	 "+	{ HID_USB_DEVICE(USB_VENDOR_ID_SYNAPTICS	 USB_DEVICE_ID_SYNAPTICS_DELL_K12A)	 HID_QUIRK_NO_INIT_REPORTS }	"	 
"0e698dfa2822"	 "ERROR"	 "MISSING_SIGN_OFF"	 ""	 ""	 " Missing Signed-off-by"	 "total: 1 errors	 1 warnings	 8 lines checked"	 
"0e698dfa2822"	 "WARNING"	 "COMMIT_MESSAGE"	 ""	 ""	 " Missing commit description - Add an appropriate one"	 "ERROR:MISSING_SIGN_OFF: Missing Signed-off-by: line(s)"	 
"71f8af111010"	 "ERROR"	 "GIT_COMMIT_ID"	 ""	 ""	 " Please use git commit description style 'commit <12+ chars of sha1> ("<title line>")' - ie"	 "e6978e4bf181 ("ARM: save and reset the address limit when entering an"	 
"71f8af111010"	 "WARNING"	 "LINE_SPACING"	 " arch/arm/include/asm/uaccess-asm.h"	 "97"	 " Missing a blank line after declarations"	 "+	mcr	p15	 0	 \tmp2	 c3	 c0	 0"	 
"71f8af111010"	 "WARNING"	 "LINE_SPACING"	 " arch/arm/include/asm/uaccess-asm.h"	 "103"	 " Missing a blank line after declarations"	 "+	mcr	p15	 0	 \tmp2	 c3	 c0	 0"	 
"8ede890b0bce"	 "ERROR"	 "SPACING"	 " arch/arm/include/asm/uaccess-asm.h"	 "84"	 " space prohibited after that open parenthesis '('"	 "+ DACR(	mrc	p15	 0	 \tmp0	 c3	 c0	 0)"	 
"8ede890b0bce"	 "ERROR"	 "SPACING"	 " arch/arm/include/asm/uaccess-asm.h"	 "85"	 " space prohibited after that open parenthesis '('"	 "+ DACR(	str	\tmp0	 [sp	 #SVC_DACR])"	 
"8ede890b0bce"	 "ERROR"	 "SPACING"	 " arch/arm/include/asm/uaccess-asm.h"	 "95"	 " space prohibited after that open parenthesis '('"	 "+ DACR(	ldr	\tmp0	 [sp	 #SVC_DACR])"	 
"8ede890b0bce"	 "ERROR"	 "SPACING"	 " arch/arm/include/asm/uaccess-asm.h"	 "97"	 " space prohibited after that open parenthesis '('"	 "+ DACR(	mcr	p15	 0	 \tmp0	 c3	 c0	 0)"	 
"8ede890b0bce"	 "WARNING"	 "LEADING_SPACE"	 " arch/arm/include/asm/uaccess-asm.h"	 "84"	 " please	 no spaces at the start of a line"	 "+ DACR(^Imrc^Ip15	 0	 \tmp0	 c3	 c0	 0)$"	 
"8ede890b0bce"	 "WARNING"	 "LEADING_SPACE"	 " arch/arm/include/asm/uaccess-asm.h"	 "85"	 " please	 no spaces at the start of a line"	 "+ DACR(^Istr^I\tmp0	 [sp	 #SVC_DACR])$"	 
"8ede890b0bce"	 "WARNING"	 "LEADING_SPACE"	 " arch/arm/include/asm/uaccess-asm.h"	 "95"	 " please	 no spaces at the start of a line"	 "+ DACR(^Ildr^I\tmp0	 [sp	 #SVC_DACR])$"	 
"8ede890b0bce"	 "WARNING"	 "LEADING_SPACE"	 " arch/arm/include/asm/uaccess-asm.h"	 "97"	 " please	 no spaces at the start of a line"	 "+ DACR(^Imcr^Ip15	 0	 \tmp0	 c3	 c0	 0)$"	 
"747ffc2fcf96"	 "ERROR"	 "TRAILING_STATEMENTS"	 " arch/arm/include/asm/uaccess-asm.h"	 "37"	 " trailing statements should be on next line"	 "+	movlo	\addr	 #0		@ if (tmp < 0) addr = NULL"	 
"747ffc2fcf96"	 "ERROR"	 "SPACING"	 " arch/arm/include/asm/uaccess-asm.h"	 "42"	 " spaces required around that '=' (ctx"	 "+	.macro	uaccess_disable	 tmp	 isb=1"	 
"747ffc2fcf96"	 "ERROR"	 "SPACING"	 " arch/arm/include/asm/uaccess-asm.h"	 "56"	 " spaces required around that '=' (ctx"	 "+	.macro	uaccess_enable	 tmp	 isb=1"	 
"747ffc2fcf96"	 "WARNING"	 "FILE_PATH_CHANGES"	 ""	 ""	 " added	 moved or deleted file(s)	 does MAINTAINERS need updating?"	 "new file mode 100644"	 
"747ffc2fcf96"	 "WARNING"	 "SUSPECT_CODE_INDENT"	 " arch/arm/include/asm/uaccess-asm.h"	 "35"	 " suspect code indent for conditional statements (8	 8)"	 "+	addhs	\tmp	 \tmp	 #1		@ if (tmp >= 0) {"	 
"747ffc2fcf96"	 "WARNING"	 "BRACES"	 " arch/arm/include/asm/uaccess-asm.h"	 "35"	 " braces {} are not necessary for single statement blocks"	 "+	addhs	\tmp	 \tmp	 #1		@ if (tmp >= 0) {"	 
"747ffc2fcf96"	 "WARNING"	 "LINE_SPACING"	 " arch/arm/include/asm/uaccess-asm.h"	 "73"	 " Missing a blank line after declarations"	 "+	mrc	p15	 0	 \tmp	 c3	 c0	 0"	 
"0b841030625c"	 "WARNING"	 "COMMIT_LOG_LONG_LINE"	 ""	 ""	 " Possible unwrapped commit description (prefer a maximum 75 chars per line)"	 "send_pkt worker in vhost_vsock_start once the virtio device is started. This"	 
"dc30b4059f6e"	 "WARNING"	 "COMMIT_LOG_LONG_LINE"	 ""	 ""	 " Possible unwrapped commit description (prefer a maximum 75 chars per line)"	 "cc1: error: writing 8 bytes into a region of size 0 [-Werror=stringop-overflow=]"	 
"b6d49cab44b5"	 "WARNING"	 "COMMIT_LOG_LONG_LINE"	 ""	 ""	 " Possible unwrapped commit description (prefer a maximum 75 chars per line)"	 "[1]: https://lore.kernel.org/lkml/c04458ed-29ee-1797-3a11-7f3f560553e6@ti.com/"	 
"6c599044b0c1"	 "WARNING"	 "UNKNOWN_COMMIT_ID"	 ""	 ""	 " Unknown commit id '6d749428788b'	 maybe rebased or not pulled?"	 "Fixes: 6d749428788b ("net: phy: DP83TC811: Introduce support for the"	 
"600ac36b5327"	 "WARNING"	 "UNKNOWN_COMMIT_ID"	 ""	 ""	 " Unknown commit id '3b427751a9d0'	 maybe rebased or not pulled?"	 "Fixes: 3b427751a9d0 ("net: phy: DP83822 initial driver submission")"	 
"8f34e53b60b3"	 "WARNING"	 "COMMIT_LOG_LONG_LINE"	 ""	 ""	 " Possible unwrapped commit description (prefer a maximum 75 chars per line)"	 "    2001:db8:11::1 from :: via 2001:db8:10::2 dev veth1 src 2001:db8:10::1 metric 1024 pref medium"	 
"59dfb0c64d38"	 "WARNING"	 "LINE_SPACING"	 " drivers/gpu/drm/amd/display/dc/dcn20/dcn20_resource.c"	 "3132"	 " Missing a blank line after declarations"	 "+	bool voltage_supported = false;"	 
"3fd44c86711f"	 "WARNING"	 "BAD_SIGN_OFF"	 ""	 ""	 " Do not use whitespace before Reported-by"	 " Reported-by: syzbot+66243bb7126c410cefe6@syzkaller.appspotmail.com"	 
"b723748750ec"	 "ERROR"	 "SPACING"	 " include/net/inet_ecn.h"	 "111"	 " spaces required around that '>=' (ctx"	 "+	iph->check = (__force __sum16)(check + (check>=0xFFFF));"	 
"b723748750ec"	 "WARNING"	 "TYPO_SPELLING"	 ""	 ""	 " 'Taht' may be misspelled - perhaps 'That'?"	 "Cc: Dave Taht <dave.taht@gmail.com>"	 
"b723748750ec"	 "WARNING"	 "TYPO_SPELLING"	 ""	 ""	 " 'taht' may be misspelled - perhaps 'that'?"	 "Cc: Dave Taht <dave.taht@gmail.com>"	 
"0ce205d4660c"	 "ERROR"	 "GIT_COMMIT_ID"	 ""	 ""	 " Please use git commit description style 'commit <12+ chars of sha1> ("<title line>")' - ie"	 "The commit e6a41c23df0d	 while trying to fix an issue	"	 
"fb73974172ff"	 "WARNING"	 "SPLIT_STRING"	 " security/selinux/hooks.c"	 "5874"	 " quoted string split across lines"	 " 			pr_warn_ratelimited("SELinux: unrecognized netlink""	 
"fb73974172ff"	 "WARNING"	 "SPLIT_STRING"	 " security/selinux/hooks.c"	 "5875"	 " quoted string split across lines"	 "+				" message: protocol=%hu nlmsg_type=%hu sclass=%s""	 
"6aea9e050394"	 "WARNING"	 "COMMIT_LOG_LONG_LINE"	 ""	 ""	 " Possible unwrapped commit description (prefer a maximum 75 chars per line)"	 "(https://sourceware.org/git/?p=binutils-gdb.git;a=commit;h=159fbb6088f17a341bcaaac960623cab881b4981)"	 
"6f8280cec1c9"	 "WARNING"	 "BAD_SIGN_OFF"	 ""	 ""	 " 'Acked-by"	 "Acked-By: Vinod Koul <vkoul@kernel.org>"	 
"706024a52c61"	 "WARNING"	 "CONSTANT_COMPARISON"	 " arch/x86/crypto/poly1305_glue.c"	 "94"	 " Comparisons should place the constant on the right side of the test"	 "+	BUILD_BUG_ON(SZ_4K < POLY1305_BLOCK_SIZE 		"	 
"eebabcb26ea1"	 "WARNING"	 "TYPO_SPELLING"	 ""	 ""	 " 'Taht' may be misspelled - perhaps 'That'?"	 "Cc: Dave Taht <dave.taht@gmail.com>"	 
"eebabcb26ea1"	 "WARNING"	 "TYPO_SPELLING"	 ""	 ""	 " 'taht' may be misspelled - perhaps 'that'?"	 "Cc: Dave Taht <dave.taht@gmail.com>"	 
"2465f0d5c9e3"	 "WARNING"	 "COMMIT_LOG_LONG_LINE"	 ""	 ""	 " Possible unwrapped commit description (prefer a maximum 75 chars per line)"	 "arm-linux-gnueabi-ld: drivers/hid/hid-mcp2221.o: in function `mcp2221_probe':"	 
"dcce8ef8f70a"	 "ERROR"	 "CODE_INDENT"	 " drivers/hid/wacom_wac.c"	 "1445"	 " code indent should use tabs where possible"	 "+                                      expresskeys 	 (center << (nbuttons - 1)));$"	 
"dcce8ef8f70a"	 "WARNING"	 "UNKNOWN_COMMIT_ID"	 ""	 ""	 " Unknown commit id 'cd47de45b855'	 maybe rebased or not pulled?"	 "Fixes: cd47de45b855 ("HID: wacom: Add 2nd gen Intuos Pro Small support")"	 
"dcce8ef8f70a"	 "WARNING"	 "LEADING_SPACE"	 " drivers/hid/wacom_wac.c"	 "1445"	 " please	 no spaces at the start of a line"	 "+                                      expresskeys 	 (center << (nbuttons - 1)));$"	 
"dcce8ef8f70a"	 "WARNING"	 "NO_AUTHOR_SIGN_OFF"	 ""	 ""	 " Missing Signed-off-by"	 "total: 1 errors	 3 warnings	 24 lines checked"	 
"2e27d33d22af"	 "WARNING"	 "COMMIT_LOG_LONG_LINE"	 ""	 ""	 " Possible unwrapped commit description (prefer a maximum 75 chars per line)"	 "No big problem as "raw" and "gre" have the same length	 but could go wrong if"	 
"e6da5df0eefc"	 "WARNING"	 "BAD_SIGN_OFF"	 ""	 ""	 " 'Acked-by"	 "Acked-By: Anton Ivanov <anton.ivanov@cambridgegreys.com>"	 
"c165d57b552a"	 "WARNING"	 "COMMIT_LOG_LONG_LINE"	 ""	 ""	 " Possible unwrapped commit description (prefer a maximum 75 chars per line)"	 "cc1: warning: function may return address of local variable [-Wreturn-local-addr]"	 
"adf27a87eb4e"	 "ERROR"	 "GIT_COMMIT_ID"	 ""	 ""	 " Please use git commit description style 'commit <12+ chars of sha1> ("<title line>")' - ie"	 "Remove spurious blank line introduced in f12a463d2f43 but was not part"	 
"4e025fd91ba3"	 "WARNING"	 "COMMIT_LOG_LONG_LINE"	 ""	 ""	 " Possible unwrapped commit description (prefer a maximum 75 chars per line)"	 "meson-g12b-ugoos-am6.dt.yaml: usb@ffe09000: 'vbus-regulator' does not match any of the regexes: '^usb@[0-9a-f]+$'	 'pinctrl-[0-9]+'"	 
"0ed08faded1d"	 "WARNING"	 "COMMIT_LOG_LONG_LINE"	 ""	 ""	 " Possible unwrapped commit description (prefer a maximum 75 chars per line)"	 "Reported-and-tested-by: syzbot+7bf5a7b0f0a1f9446f4c@syzkaller.appspotmail.com"	 
"9dd124b63a2e"	 "WARNING"	 "COMMIT_LOG_LONG_LINE"	 ""	 ""	 " Possible unwrapped commit description (prefer a maximum 75 chars per line)"	 "    In file included from arch/powerpc/include/asm/book3s/64/mmu-hash.h:20:0	"	 
"5375e874c763"	 "ERROR"	 "GIT_COMMIT_ID"	 ""	 ""	 " Please use git commit description style 'commit <12+ chars of sha1> ("<title line>")' - ie"	 "72acd9df18f1 ("iommu: Move iommu_fwspec to struct dev_iommu")	 we also"	 
"1248c86fd639"	 "ERROR"	 "COMPLEX_MACRO"	 " arch/arm64/boot/dts/freescale/imx8mp-pinfunc.h"	 "154"	 " Macros with complex values should be enclosed in parentheses"	 "+#define MX8MP_IOMUXC_ENET_RX_CTL__AUDIOMIX_BIT_STREAM03              0x074 0x2D4 0x4CC 0x3 0x1"	 
"1248c86fd639"	 "ERROR"	 "COMPLEX_MACRO"	 " arch/arm64/boot/dts/freescale/imx8mp-pinfunc.h"	 "161"	 " Macros with complex values should be enclosed in parentheses"	 "+#define MX8MP_IOMUXC_ENET_RXC__AUDIOMIX_BIT_STREAM02                 0x078 0x2D8 0x4C8 0x3 0x1"	 
"1248c86fd639"	 "ERROR"	 "COMPLEX_MACRO"	 " arch/arm64/boot/dts/freescale/imx8mp-pinfunc.h"	 "167"	 " Macros with complex values should be enclosed in parentheses"	 "+#define MX8MP_IOMUXC_ENET_RD0__AUDIOMIX_BIT_STREAM01                 0x07C 0x2DC 0x4C4 0x3 0x1"	 
"1248c86fd639"	 "ERROR"	 "COMPLEX_MACRO"	 " arch/arm64/boot/dts/freescale/imx8mp-pinfunc.h"	 "173"	 " Macros with complex values should be enclosed in parentheses"	 "+#define MX8MP_IOMUXC_ENET_RD1__AUDIOMIX_BIT_STREAM00                 0x080 0x2E0 0x4C0 0x3 0x1"	 
"1248c86fd639"	 "ERROR"	 "COMPLEX_MACRO"	 " arch/arm64/boot/dts/freescale/imx8mp-pinfunc.h"	 "294"	 " Macros with complex values should be enclosed in parentheses"	 "+#define MX8MP_IOMUXC_SD2_DATA0__AUDIOMIX_BIT_STREAM00                0x0C8 0x328 0x4C0 0x4 0x2"	 
"1248c86fd639"	 "ERROR"	 "COMPLEX_MACRO"	 " arch/arm64/boot/dts/freescale/imx8mp-pinfunc.h"	 "316"	 " Macros with complex values should be enclosed in parentheses"	 "+#define MX8MP_IOMUXC_SD2_DATA3__AUDIOMIX_BIT_STREAM03                0x0D4 0x334 0x4CC 0x4 0x2"	 
"1248c86fd639"	 "ERROR"	 "COMPLEX_MACRO"	 " arch/arm64/boot/dts/freescale/imx8mp-pinfunc.h"	 "490"	 " Macros with complex values should be enclosed in parentheses"	 "+#define MX8MP_IOMUXC_SAI5_RXD0__AUDIOMIX_BIT_STREAM00                0x134 0x394 0x4C0 0x4 0x3"	 
"1248c86fd639"	 "ERROR"	 "COMPLEX_MACRO"	 " arch/arm64/boot/dts/freescale/imx8mp-pinfunc.h"	 "496"	 " Macros with complex values should be enclosed in parentheses"	 "+#define MX8MP_IOMUXC_SAI5_RXD1__AUDIOMIX_BIT_STREAM01                0x138 0x398 0x4C4 0x4 0x3"	 
"1248c86fd639"	 "ERROR"	 "COMPLEX_MACRO"	 " arch/arm64/boot/dts/freescale/imx8mp-pinfunc.h"	 "503"	 " Macros with complex values should be enclosed in parentheses"	 "+#define MX8MP_IOMUXC_SAI5_RXD2__AUDIOMIX_BIT_STREAM02                0x13C 0x39C 0x4C8 0x4 0x3"	 
"1248c86fd639"	 "ERROR"	 "COMPLEX_MACRO"	 " arch/arm64/boot/dts/freescale/imx8mp-pinfunc.h"	 "510"	 " Macros with complex values should be enclosed in parentheses"	 "+#define MX8MP_IOMUXC_SAI5_RXD3__AUDIOMIX_BIT_STREAM03                0x140 0x3A0 0x4CC 0x4 0x3"	 
"1248c86fd639"	 "ERROR"	 "COMPLEX_MACRO"	 " arch/arm64/boot/dts/freescale/imx8mp-pinfunc.h"	 "531"	 " Macros with complex values should be enclosed in parentheses"	 "+#define MX8MP_IOMUXC_SAI1_RXD0__AUDIOMIX_BIT_STREAM00                0x150 0x3B0 0x4C0 0x3 0x4"	 
"1248c86fd639"	 "ERROR"	 "COMPLEX_MACRO"	 " arch/arm64/boot/dts/freescale/imx8mp-pinfunc.h"	 "536"	 " Macros with complex values should be enclosed in parentheses"	 "+#define MX8MP_IOMUXC_SAI1_RXD1__AUDIOMIX_BIT_STREAM01                0x154 0x3B4 0x4C4 0x3 0x4"	 
"1248c86fd639"	 "ERROR"	 "COMPLEX_MACRO"	 " arch/arm64/boot/dts/freescale/imx8mp-pinfunc.h"	 "541"	 " Macros with complex values should be enclosed in parentheses"	 "+#define MX8MP_IOMUXC_SAI1_RXD2__AUDIOMIX_BIT_STREAM02                0x158 0x3B8 0x4C8 0x3 0x4"	 
"1248c86fd639"	 "ERROR"	 "COMPLEX_MACRO"	 " arch/arm64/boot/dts/freescale/imx8mp-pinfunc.h"	 "546"	 " Macros with complex values should be enclosed in parentheses"	 "+#define MX8MP_IOMUXC_SAI1_RXD3__AUDIOMIX_BIT_STREAM03                0x15C 0x3BC 0x4CC 0x3 0x4"	 
"1248c86fd639"	 "ERROR"	 "COMPLEX_MACRO"	 " arch/arm64/boot/dts/freescale/imx8mp-pinfunc.h"	 "627"	 " Macros with complex values should be enclosed in parentheses"	 "+#define MX8MP_IOMUXC_SAI2_RXFS__AUDIOMIX_BIT_STREAM02                0x19C 0x3FC 0x4C8 0x6 0x5"	 
"1248c86fd639"	 "ERROR"	 "COMPLEX_MACRO"	 " arch/arm64/boot/dts/freescale/imx8mp-pinfunc.h"	 "635"	 " Macros with complex values should be enclosed in parentheses"	 "+#define MX8MP_IOMUXC_SAI2_RXC__AUDIOMIX_BIT_STREAM01                 0x1A0 0x400 0x4C4 0x6 0x5"	 
"1248c86fd639"	 "ERROR"	 "COMPLEX_MACRO"	 " arch/arm64/boot/dts/freescale/imx8mp-pinfunc.h"	 "644"	 " Macros with complex values should be enclosed in parentheses"	 "+#define MX8MP_IOMUXC_SAI2_RXD0__AUDIOMIX_BIT_STREAM03                0x1A4 0x404 0x4CC 0x6 0x5"	 
"1248c86fd639"	 "ERROR"	 "COMPLEX_MACRO"	 " arch/arm64/boot/dts/freescale/imx8mp-pinfunc.h"	 "653"	 " Macros with complex values should be enclosed in parentheses"	 "+#define MX8MP_IOMUXC_SAI2_TXFS__AUDIOMIX_BIT_STREAM02                0x1A8 0x408 0x4C8 0x6 0x6"	 
"1248c86fd639"	 "ERROR"	 "COMPLEX_MACRO"	 " arch/arm64/boot/dts/freescale/imx8mp-pinfunc.h"	 "659"	 " Macros with complex values should be enclosed in parentheses"	 "+#define MX8MP_IOMUXC_SAI2_TXC__AUDIOMIX_BIT_STREAM01                 0x1AC 0x40C 0x4C4 0x6 0x6"	 
"1248c86fd639"	 "ERROR"	 "COMPLEX_MACRO"	 " arch/arm64/boot/dts/freescale/imx8mp-pinfunc.h"	 "683"	 " Macros with complex values should be enclosed in parentheses"	 "+#define MX8MP_IOMUXC_SAI3_RXFS__AUDIOMIX_BIT_STREAM00                0x1B8 0x418 0x4C0 0x6 0x5"	 
"1248c86fd639"	 "ERROR"	 "COMPLEX_MACRO"	 " arch/arm64/boot/dts/freescale/imx8mp-pinfunc.h"	 "700"	 " Macros with complex values should be enclosed in parentheses"	 "+#define MX8MP_IOMUXC_SAI3_RXD__AUDIOMIX_BIT_STREAM01                 0x1C0 0x420 0x4C4 0x6 0x7"	 
"1248c86fd639"	 "ERROR"	 "COMPLEX_MACRO"	 " arch/arm64/boot/dts/freescale/imx8mp-pinfunc.h"	 "709"	 " Macros with complex values should be enclosed in parentheses"	 "+#define MX8MP_IOMUXC_SAI3_TXFS__AUDIOMIX_BIT_STREAM03                0x1C4 0x424 0x4CC 0x6 0x6"	 
"1248c86fd639"	 "ERROR"	 "COMPLEX_MACRO"	 " arch/arm64/boot/dts/freescale/imx8mp-pinfunc.h"	 "718"	 " Macros with complex values should be enclosed in parentheses"	 "+#define MX8MP_IOMUXC_SAI3_TXC__AUDIOMIX_BIT_STREAM02                 0x1C8 0x428 0x4C8 0x6 0x7"	 
"dd7bc8158b41"	 "ERROR"	 "GIT_COMMIT_ID"	 ""	 ""	 " Please use git commit description style 'commit <12+ chars of sha1> ("<title line>")' - ie"	 "Commit 6fcf0c72e4b9	 a fix to get_tree_bdev() put a missing blkdev_put() in"	 
"b2a7b0ce0773"	 "WARNING"	 "LINE_CONTINUATIONS"	 " drivers/gpu/drm/amd/display/dc/dcn10/dcn10_resource.c"	 "430"	 " Avoid unnecessary line continuations"	 "+	MPC_COMMON_MASK_SH_LIST_DCN1_0(__SHIFT)	\"	 
"b2a7b0ce0773"	 "WARNING"	 "LINE_CONTINUATIONS"	 " drivers/gpu/drm/amd/display/dc/dcn10/dcn10_resource.c"	 "435"	 " Avoid unnecessary line continuations"	 "+	MPC_COMMON_MASK_SH_LIST_DCN1_0(_MASK)	\"	 
"b2a7b0ce0773"	 "WARNING"	 "SPACE_BEFORE_TAB"	 " drivers/gpu/drm/amd/display/dc/inc/hw/mpc.h"	 "218"	 " please	 no space before tabs"	 "+^I * [in] ^Impc^I^I- MPC context.$"	 
"6eb3f7da3c33"	 "WARNING"	 "LONG_LINE"	 " drivers/gpu/drm/amd/display/dc/dcn21/dcn21_resource.c"	 "1402"	 " line length of 107 exceeds 100 columns"	 "+			clock_limits[i].dispclk_mhz = dcn2_1_soc.clock_limits[closest_clk_lvl].dispclk_mhz;"	 
"6eb3f7da3c33"	 "WARNING"	 "LONG_LINE"	 " drivers/gpu/drm/amd/display/dc/dcn21/dcn21_resource.c"	 "1403"	 " line length of 105 exceeds 100 columns"	 "+			clock_limits[i].dppclk_mhz = dcn2_1_soc.clock_limits[closest_clk_lvl].dppclk_mhz;"	 
"6eb3f7da3c33"	 "WARNING"	 "LONG_LINE"	 " drivers/gpu/drm/amd/display/dc/dcn21/dcn21_resource.c"	 "1404"	 " line length of 127 exceeds 100 columns"	 "+			clock_limits[i].dram_bw_per_chan_gbps = dcn2_1_soc.clock_limits[closest_clk_lvl].dram_bw_per_chan_gbps;"	 
"6eb3f7da3c33"	 "WARNING"	 "LONG_LINE"	 " drivers/gpu/drm/amd/display/dc/dcn21/dcn21_resource.c"	 "1405"	 " line length of 105 exceeds 100 columns"	 "+			clock_limits[i].dscclk_mhz = dcn2_1_soc.clock_limits[closest_clk_lvl].dscclk_mhz;"	 
"6eb3f7da3c33"	 "WARNING"	 "LONG_LINE"	 " drivers/gpu/drm/amd/display/dc/dcn21/dcn21_resource.c"	 "1406"	 " line length of 105 exceeds 100 columns"	 "+			clock_limits[i].dtbclk_mhz = dcn2_1_soc.clock_limits[closest_clk_lvl].dtbclk_mhz;"	 
"6eb3f7da3c33"	 "WARNING"	 "LONG_LINE"	 " drivers/gpu/drm/amd/display/dc/dcn21/dcn21_resource.c"	 "1407"	 " line length of 113 exceeds 100 columns"	 "+			clock_limits[i].phyclk_d18_mhz = dcn2_1_soc.clock_limits[closest_clk_lvl].phyclk_d18_mhz;"	 
"6eb3f7da3c33"	 "WARNING"	 "LONG_LINE"	 " drivers/gpu/drm/amd/display/dc/dcn21/dcn21_resource.c"	 "1408"	 " line length of 105 exceeds 100 columns"	 "+			clock_limits[i].phyclk_mhz = dcn2_1_soc.clock_limits[closest_clk_lvl].phyclk_mhz;"	 
"6eb3f7da3c33"	 "WARNING"	 "LONG_LINE"	 " drivers/gpu/drm/amd/display/dc/dcn21/dcn21_resource.c"	 "1415"	 " line length of 124 exceeds 100 columns"	 "+			dcn2_1_soc.clock_limits[dcn2_1_soc.num_states] = dcn2_1_soc.clock_limits[dcn2_1_soc.num_states - 1];"	 
"6eb3f7da3c33"	 "WARNING"	 "LONG_LINE"	 " drivers/gpu/drm/amd/display/dc/dcn21/dcn21_resource.c"	 "1416"	 " line length of 101 exceeds 100 columns"	 "+			dcn2_1_soc.clock_limits[dcn2_1_soc.num_states].state = dcn2_1_soc.num_states;"	 
"dff58530c4ca"	 "WARNING"	 "NO_AUTHOR_SIGN_OFF"	 ""	 ""	 " Missing Signed-off-by"	 "total: 0 errors	 1 warnings	 48 lines checked"	 
"7c4310ff5642"	 "WARNING"	 "TYPO_SPELLING"	 ""	 ""	 " 'wating' may be misspelled - perhaps 'waiting'?"	 "rpc_free_client() makes two calls which could potentially block wating"	 
"aa72f1d20ee9"	 "ERROR"	 "GIT_COMMIT_ID"	 ""	 ""	 " Please use git commit description style 'commit <12+ chars of sha1> ("<title line>")' - ie"	 "The culprit is the commit 6138f967bccc"	 
"3740d93e3790"	 "WARNING"	 "COMMIT_LOG_LONG_LINE"	 ""	 ""	 " Possible unwrapped commit description (prefer a maximum 75 chars per line)"	 "kernel.core_pattern = 	/usr/lib/systemd/systemd-coredump %P %u %g %s %t %c %h %e"	 
"66bb7fa81e28"	 "WARNING"	 "COMMIT_LOG_LONG_LINE"	 ""	 ""	 " Possible unwrapped commit description (prefer a maximum 75 chars per line)"	 "CPU: 16 PID: 1290 Comm: ibmvfc_0 Tainted: G           OE  X   5.3.18-12-default"	 
"f4dec2d61609"	 "ERROR"	 "MISSING_SIGN_OFF"	 ""	 ""	 " Missing Signed-off-by"	 "total: 1 errors	 0 warnings	 13 lines checked"	 
"9e68cb0359b2"	 "WARNING"	 "COMMIT_LOG_LONG_LINE"	 ""	 ""	 " Possible unwrapped commit description (prefer a maximum 75 chars per line)"	 "value to 512	 even though the maximum # of MSIx vectors supported by adapter"	 
"8738c85c72b3"	 "WARNING"	 "COMMIT_LOG_LONG_LINE"	 ""	 ""	 " Possible unwrapped commit description (prefer a maximum 75 chars per line)"	 "Hardware name: Google Google Compute Engine/Google Compute Engine	 BIOS Google 01/01/2011"	 
"2abaad4eb59d"	 "WARNING"	 "COMMIT_LOG_LONG_LINE"	 ""	 ""	 " Possible unwrapped commit description (prefer a maximum 75 chars per line)"	 "<3>[  547.208237] BUG: KASAN: use-after-free in active_debug_hint+0x6a/0x70 [i915]"	 
"b9f960201249"	 "ERROR"	 "GIT_COMMIT_ID"	 ""	 ""	 " Please use git commit description style 'commit <12+ chars of sha1> ("<title line>")' - ie"	 "  2d88ce76eb98 ("dmatest: add a 'wait' parameter")"	 
"b9f960201249"	 "ERROR"	 "GIT_COMMIT_ID"	 ""	 ""	 " Please use git commit description style 'commit <12+ chars of sha1> ("<title line>")' - ie"	 "  0a2ff57d6fba ("dmaengine: dmatest: add a maximum number of test iterations")"	 
"b9f960201249"	 "WARNING"	 "COMMIT_LOG_LONG_LINE"	 ""	 ""	 " Possible unwrapped commit description (prefer a maximum 75 chars per line)"	 "  0a2ff57d6fba ("dmaengine: dmatest: add a maximum number of test iterations")"	 
"fcc99734d1d4"	 "WARNING"	 "COMMIT_LOG_LONG_LINE"	 ""	 ""	 " Possible unwrapped commit description (prefer a maximum 75 chars per line)"	 "  ffff88817d3a46e0 (sb_internal#2){.+.+}	 at: start_transaction+0x66c/0x890 [btrfs]"	 
"0a8e7b7d0846"	 "WARNING"	 "FUNCTION_ARGUMENTS"	 " include/linux/sunrpc/xdr.h"	 "187"	 " function definition argument 'struct xdr_buf *' should also have an identifier name"	 "+extern void xdr_buf_trim(struct xdr_buf *	 unsigned int);"	 
"0a8e7b7d0846"	 "WARNING"	 "FUNCTION_ARGUMENTS"	 " include/linux/sunrpc/xdr.h"	 "187"	 " function definition argument 'unsigned int' should also have an identifier name"	 "+extern void xdr_buf_trim(struct xdr_buf *	 unsigned int);"	 
"0a8e7b7d0846"	 "WARNING"	 "AVOID_BUG"	 " net/sunrpc/auth_gss/gss_krb5_wrap.c"	 "583"	 " Avoid crashing the kernel - try using WARN_ON & recovery code rather than BUG() or BUG_ON()"	 "+	BUG_ON(offset + GSS_KRB5_TOK_HDR_LEN + headskip + movelen >"	 
"31c9590ae468"	 "WARNING"	 "SPACING"	 " include/linux/sunrpc/gss_krb5.h"	 "86"	 " Unnecessary space before function pointer arguments"	 "+	u32 (*decrypt_v2) (struct krb5_ctx *kctx	 u32 offset	 u32 len	"	 
"a5bff92eaac4"	 "WARNING"	 "COMMIT_LOG_LONG_LINE"	 ""	 ""	 " Possible unwrapped commit description (prefer a maximum 75 chars per line)"	 "https://www.kernel.org/doc/html/v5.4-preprc-cpu/ioctl/botching-up-ioctls.html"	 
"6a8b55ed4056"	 "ERROR"	 "MISSING_SIGN_OFF"	 ""	 ""	 " Missing Signed-off-by"	 "total: 1 errors	 1 warnings	 8 lines checked"	 
"6a8b55ed4056"	 "WARNING"	 "COMMIT_MESSAGE"	 ""	 ""	 " Missing commit description - Add an appropriate one"	 "ERROR:MISSING_SIGN_OFF: Missing Signed-off-by: line(s)"	 
"5a3577039cbe"	 "ERROR"	 " modpost"	 ""	 ""	 " "fw_fallback_config" [drivers/base/firmware_loader/firmware_class.ko] undefined!"	 "total: 0 errors	 1 warnings	 7 lines checked"	 
"5a3577039cbe"	 "WARNING"	 "COMMIT_LOG_LONG_LINE"	 ""	 ""	 " Possible unwrapped commit description (prefer a maximum 75 chars per line)"	 "ERROR: modpost: "fw_fallback_config" [drivers/base/firmware_loader/firmware_class.ko] undefined!"	 
"b08418b54831"	 "WARNING"	 "LONG_LINE"	 " arch/x86/kernel/dumpstack_64.c"	 "187"	 " line length of 125 exceeds 100 columns"	 "+				printk_deferred_once(KERN_WARNING "WARNING: stack recursion on stack type %d\n"	 info->type);"	 
"b08418b54831"	 "WARNING"	 "UNNECESSARY_KERN_LEVEL"	 " arch/x86/kernel/dumpstack_64.c"	 "187"	 " Possible unnecessary KERN_WARNING"	 "+				printk_deferred_once(KERN_WARNING "WARNING: stack recursion on stack type %d\n"	 info->type);"	 
"b08418b54831"	 "WARNING"	 "UNNECESSARY_KERN_LEVEL"	 " arch/x86/kernel/unwind_orc.c"	 "11"	 " Possible unnecessary KERN_WARNING"	 "+	printk_deferred_once(KERN_WARNING "WARNING: " fmt	 ##__VA_ARGS__)"	 
